name,sessile,area,unet,unetpp,segformer,mean_dice
cju0qoxqj9q6s0835b43399p4,True,0.2705947197648298,0.9422448943567555,0.9375334071660858,0.9184431448991659,0.9327404821406691
cju0qx73cjw570799j4n5cjze,False,0.3188263282139923,0.8200372888786904,0.8897423749702681,0.8517544874284421,0.8538447170924669
cju0rx1idathl0835detmsp84,False,0.0727677913658464,0.9066235999813193,0.9431594277372073,0.9135521463993409,0.9211117247059558
cju0sxqiclckk08551ycbwhno,True,0.0435061287871278,0.614085300050171,0.7058413345472675,0.656276391553023,0.6587343420501538
cju0t4oil7vzk099370nun5h9,False,0.3398895832069404,0.968684306890642,0.9710831460669793,0.9751613072439739,0.9716429200671984
cju15czxqp3lv0835jvhgzurz,False,0.2729875567612195,0.9559171520354397,0.974724218330399,0.914953122200313,0.9485314975220506
cju15jr8jz8sb0855ukmkswkz,False,0.3139252372206917,0.824529585127597,0.9590073635989611,0.6052534692717323,0.7962634726660968
cju15ptjtppz40988odsm9azx,False,0.0594885697092737,0.9235890849015083,0.9469039710451963,0.8571621743422493,0.9092184100963179
cju17bz250pgd0799u1hqkj5u,False,0.0905812126557289,0.9579782270591634,0.9661493954672482,0.9100911477524113,0.944739590092941
cju17v6ih0u7808783zcbg1jy,False,0.3508294358374744,0.9845923696783294,0.987838106688614,0.9729943249893684,0.9818082671187707
cju1871y11d6r0799k6cw4yze,False,0.1528680163214061,0.9787876461695213,0.9823470436679286,0.9664031879599848,0.9758459592658116
cju1b75x63ddl0799sdp0i2j3,False,0.0672199883149465,0.9499497782871948,0.9451511687277865,0.9422217929812825,0.9457742466654212
cju1bhnfitmge0835ynls0l6b,False,0.0819118208076734,0.9444150717265087,0.9477611940281747,0.933370407700578,0.9418488911517539
cju1c6yfz42md08550zgoz3pw,False,0.2676710785694171,0.9559134661196633,0.9677229746991006,0.9567831973872261,0.9601398794019967
cju1c8ffau5770835g0g343o8,True,0.0356159470942565,0.9661213448367636,0.9664058108825871,0.9432157275717781,0.9585809610970429
cju1d31sp4d4k0878r3fr02ul,False,0.0821911147040767,0.984795451597339,0.9820543750561713,0.9625474405239979,0.9764657557258362
cju1d96gsv62d09881b3wecw2,False,0.252773920880834,0.8894322195049797,0.9042555274850647,0.9444372121273893,0.9127083197058111
cju1ddr6p4k5z08780uuuzit2,False,0.0317507516437043,0.7130654856013092,0.8491110597965301,0.8350704386620371,0.7990823280199587
cju1dhfok4mhe0878jlgrag0h,False,0.0610188533511217,0.9555870717300998,0.971635691347252,0.9111433493496438,0.9461220374756653
cju1efbr0rqxz09931z0lf4vf,False,0.0600416973115567,0.9079433353571744,0.9248032643521694,0.9110967525763728,0.9146144507619055
cju1erep75us208553i4ofwwe,False,0.1771221343767428,0.9784717050572418,0.9734405498732308,0.9749585131090484,0.975623589346507
cju1f5x1164xv08555654c24r,False,0.1219165200509616,0.9443123417952183,0.9656912966328922,0.9307763654640416,0.9469266679640507
cju1fjsb4sipq09931lvd8e41,True,0.0695322453436874,0.9044313427137114,0.9631557081298774,0.6002184672223643,0.8226018393553177
cju1fmsyf6gxb0801cimx2gle,False,0.0794495655334192,0.9771418028229829,0.9631007501143106,0.9521037646294377,0.9641154391889103
cju1hirfi7ekp0855q0vgm9qq,False,0.0466965582964895,0.893913476189177,0.9230669518409389,0.9091200718541393,0.9087001666280851
cju2i03ptvkiu0799xbbd4det,False,0.0808901515151515,0.96885681006479,0.975955121383159,0.9388724483046409,0.9612281265841967
cju2iatlki5u309930zmgkv6h,False,0.2402070569653445,0.8159790340690258,0.8699657087099373,0.906520579424059,0.8641551074010074
cju2igw4gvxds0878808qj398,False,0.4387675689592623,0.8468278522589485,0.9109727109174713,0.9321360243590404,0.8966455291784867
cju2lcyfgkf5809932fn9gucn,False,0.063648679906156,0.9430451220087812,0.9756958657363495,0.9640418294041475,0.9609276057164261
cju2lz8vqktne0993fuym6drw,False,0.0593573638338202,0.9822141560773082,0.9836814113348458,0.9693465022236084,0.9784140232119207
cju2ma647l0nj0993ot4deq2q,False,0.1282033165826187,0.9622461679905786,0.9660142789565933,0.9089918772338681,0.9457507747270134
cju2nfnvxzdkd0878399axlco,False,0.1211884548004949,0.9010635834989296,0.9128593775272226,0.8841772151886569,0.8993667254049363
cju2nguelpmlj0835rojdn097,False,0.1660285505007372,0.9662801770001622,0.9672755160246465,0.9706877113857848,0.9680811348035312
cju2okvco06xc0799kxe5n1qh,False,0.3316798011837415,0.990826949518272,0.9892558694782247,0.9866928798833186,0.9889252329599385
cju2qdj95ru8g09886gfi9rsz,False,0.4281021500588718,0.982802424803667,0.98385569403677,0.9685166169663308,0.9783915786022558
cju2qfie4rvz508357kad9z5o,False,0.103094475410135,0.5554132313404938,0.5369809368991642,0.593256934063452,0.5618837007677033
cju2qu37qobl50993aw7ghcfq,True,0.0458207768290641,0.9224172682928778,0.956133540368959,0.8933067729048075,0.9239525271888814
cju2raxlosl630988jdbfy9b0,False,0.3286511887274903,0.8337150157890981,0.8465845864544761,0.8399186797411864,0.8400727606615869
cju2rga4psq9n09881z519xx0,False,0.0547474759754192,0.9736856745452749,0.9767569345439734,0.9706320433887794,0.9736915508260092
cju2rz4k434s70855wwx3ddtx,False,0.1513935133801948,0.9194183320058087,0.922875676833836,0.9085045438612437,0.9169328509002961
cju2saez63gxl08559ucjq3kt,False,0.1329087768029538,0.9787087737158046,0.9766400325703896,0.9711882335151222,0.9755123466004387
cju2t9tdwuk700835kv0ljmtl,True,0.1629549385843831,0.8879282778866043,0.8104331979184094,0.8601670768809969,0.8528428508953368
cju2tqfgw4oat0799rn0g5b2z,False,0.1220790256337629,0.9627480390457562,0.9713867744402923,0.9651212719743776,0.9664186951534753
cju2trtjf4qjd0878a2zle9v9,True,0.0287764771460423,0.5054691997655607,0.0,0.7754392068152051,0.4269694688602552
cju2urqpwvxw70835rvndvtsi,True,0.0314130302907752,0.9730476848600657,0.9754002756813943,0.9424392414162591,0.9636290673192397
cju2uzabhs6er0993x3aaf87p,True,0.1011926866706278,0.5166150948461442,0.523208991547141,0.5036193029479366,0.5144811297804073
cju2wve9v7esz0878mxsdcy04,False,0.054930178669431,0.9823531056828527,0.9715528687223607,0.9749200749614846,0.9762753497888994
cju2wzu8wxtgu09880ku9x1pg,False,0.1591700654635635,0.9771408178206041,0.9835742755157454,0.9789008924368446,0.9798719952577314
cju2x7vw87mu30878hye2ca0m,False,0.2024238054299897,0.9696175568157742,0.9679037631627088,0.9564080813547002,0.9646431337777278
cju2xlcqxy9c60988vjacdznb,False,0.1871516457692179,0.9494014418666444,0.8889373043705462,0.8148897915690119,0.8844095126020676
cju2xyd9vyi7m098831qcucse,False,0.2228210562213777,0.9788939427550346,0.9787163515317192,0.9713392900730493,0.9763165281199345
cju2y0z6g87p10878fpk5d3rq,False,0.2339554526258429,0.9711498730882392,0.9735504158455245,0.9630237574711743,0.969241348801646
cju2y8s56ymqr083541ggdsml,False,0.092814848903206,0.947564518884041,0.9622742474900297,0.9319445139951392,0.9472610934564033
cju2yb31a8e8u0878wdashg7o,False,0.1719782502554958,0.9835311740670567,0.9839194756871305,0.9700233228143692,0.9791579908561855
cju2zdvjn9h7r08553cp4eed5,True,0.06172520505964,0.921744767545278,0.952916024457053,0.9654181529876862,0.946692981663339
cju2zi4l09f5807991s8do2b2,False,0.1016107504701814,0.9812561260635131,0.9848498512024155,0.9733337279493114,0.9798132350717467
cju2zm0axztpe0988r8s9twjr,False,0.0702946398171117,0.972718472232305,0.9704609678537388,0.9500610666283302,0.9644135022381247
cju2zp89k9q1g0855k1x0f1xa,True,0.026894376023782,0.9663769441847759,0.9652634000404574,0.947871666373205,0.9598373368661463
cju2zy1e49pqk0878t6ncqn12,True,0.0324825704022027,0.4607991212380832,0.6349924585178796,0.28866918766099287,0.46148692247231854
cju303j5r062k098835zxfds5,False,0.0824819482966447,0.981919283764108,0.9820782263546551,0.9644574175807615,0.9761516425665082
cju30ftgja7170855xl9bkdm0,False,0.2933390305274652,0.9282671168179255,0.8737886086705989,0.954056109604965,0.9187039450311633
cju30lncba3ny0878jwnous8n,False,0.0688315127441244,0.969663434934035,0.9727017358503453,0.9679125105132366,0.9700925604325389
cju30qbm1ad3x0855znuhpz9u,False,0.3077395316042524,0.9763099759703819,0.9757284848480118,0.9698843478297959,0.9739742695493966
cju31ugmfb3dz0855xtqshki6,False,0.0813989811610918,0.9733808803382801,0.9697696908897708,0.9669177267631862,0.9700227659970789
cju32phw2bv130801yj7bkouq,False,0.5619673969546349,0.9253622011029404,0.7983185462118314,0.9343573624869329,0.8860127032672348
cju32srle1xfq083575i3fl75,False,0.0632319185099088,0.9740971474050913,0.9723721081008491,0.9608114338382646,0.9690935631147349
cju32zhbnc1oy0801iyv1ix6p,False,0.2525175456125371,0.693054986581212,0.6077786463324258,0.7695507062713729,0.6901281130616702
cju33eqwbcch208012jikwdky,False,0.1392871953320756,0.942288033822346,0.9237828651395343,0.9413693481141809,0.9358134156920205
cju34ds2531520988qjpqt6e3,False,0.182069853827676,0.7065773772646492,0.6584137312089643,0.6412366246779532,0.6687425777171888
cju34eqjpcpm508788b3lhp97,False,0.1000483488692112,0.9802272613489176,0.9824261327414185,0.9785724988745508,0.9804086309882957
cju34i3qvcyog0855qiejxx5w,False,0.2868787191752928,0.9767129374915482,0.9807867477275718,0.9690804221076443,0.9755267024422548
cju34ouumcznz07996gg1xq7v,False,0.1759145148384157,0.9697255539735965,0.9804559185214997,0.9446789113393341,0.9649534612781435
cju35eg0tdmjt085525sb4bua,False,0.0769843678858703,0.9662695622456832,0.9669719565550191,0.9585618769248537,0.9639344652418519
cju3tsh4lfsok0987w6x3a0v1,False,0.3726809440029121,0.6845223284005164,0.9477615832396774,0.6306330264043754,0.7543056460148563
cju3uhb79gcgr0871orbrbi3x,False,0.0460424727959743,0.15037795768595796,0.17507681091404947,0.13472005546841836,0.1533916080228086
cju3v11mrgwwb0755u242ygye,False,0.0741036219134866,0.8600065724598167,0.9438953252836751,0.9292925317309273,0.9110648098248063
cju3v3ac9gyz30755hfqwyp1i,False,0.0734608604818175,0.9621313973268752,0.9707470846263017,0.9683772599505004,0.9670852473012258
cju3x4blzieu30850x10uuvbm,False,0.0706640181147869,0.8954672865243631,0.8948747237460611,0.8896159997053427,0.893319336658589
cju3x9lttikfb0818a0g104zn,True,0.0537553843353758,0.9609889496568785,0.9631901840463938,0.9451360333438147,0.9564383890156957
cju40r6jrksyk0871wg98zgho,False,0.1668706762155315,0.9733075864098997,0.9579492155902762,0.9450185491845343,0.9587584503949035
cju41kd7yl4nm0850gil5qqwh,False,0.0757625358607459,0.9833084669876369,0.6156811035593067,0.9772642910148077,0.8587512871872504
cju41r6v2lcww0871ps8k8pf5,False,0.1919160094963497,0.9713833086145246,0.9579200095686413,0.9453180689978741,0.9582071290603467
cju42qet0lsq90871e50xbnuv,False,0.0751878515327299,0.9358440407600004,0.9475813467875683,0.911290688698163,0.9315720254152439
cju43lcnum9y10755bjs7z87f,False,0.0402606574216743,0.9679633867238697,0.971640437025316,0.9548027166843677,0.9648021801445178
cju45jpvfn6c809873pv1i34s,False,0.1278914378440294,0.932992058803002,0.9453279674931802,0.9473499956227762,0.9418900073063194
cju45n0oxn5vu08500yfrt9jn,False,0.0965267245040344,0.9781504300412622,0.986828108377156,0.9626118040518515,0.9758634474900899
cju45ofd9ne1j0801ri8dup7t,True,0.5786507310562398,0.7965632393110366,0.8007155971938544,0.9327965737818485,0.8433584700955797
cju45qbf3n9sa0987oonbkly9,True,0.0831779130313479,0.9657499953623124,0.9443601513416475,0.9408592963852198,0.9503231476963933
cju5b9oyda4yr0850g9viziyv,True,0.072292458345513,0.8012614017822365,0.8627844339168519,0.9351601853698667,0.8664020070229851
cju5bbtwsa8cl0987wgfsqpao,False,0.1007612084381775,0.9470262063486913,0.9565587455380945,0.9594812558025392,0.9543554025631084
cju5bf6hxa6m50817rbwettgu,False,0.0869136071599421,0.9641511685372992,0.969165855240149,0.9693523016007167,0.9675564417927216
cju5ca9hcatkc0801jzwe7tfx,False,0.1581177076384744,0.6932929224889788,0.44815957523075534,0.7337184442061367,0.6250569806419569
cju5cky5xb0ay0801oxet697t,True,0.0545649420247491,0.9433559340106151,0.8599768317384401,0.9060427413388092,0.9031251690292882
cju5eftctcdbj08712gdp989f,False,0.2676407297676594,0.9294033194296017,0.9459682295382559,0.9576720209541092,0.9443478566406557
cju5f26ebcuai0818xlwh6116,True,0.0784115550001837,0.9486382337045095,0.9635296345370885,0.9578514911728586,0.9566731198048188
cju5fi0yxd3ei0801v7u0yudn,True,0.0207317286856568,0.20947179388205603,0.15671023411501728,0.16840072937875458,0.17819425245860931
cju5ft6mcd5q40987rhjgbrr6,False,0.1329642662136747,0.9760803608956785,0.9794775482317688,0.9696452051550672,0.9750677047608383
cju5hjxaae3i40850h5z2laf5,False,0.1644694533762057,0.9676905574507322,0.9341885924284866,0.9474948066542018,0.9497913188444737
cju5hqz50e7o90850e0prlpa0,False,0.2058123249299719,0.9740172812454561,0.8618223154941747,0.9382356156390058,0.9246917374595455
cju5hwonqedw10801vsd3w6kk,False,0.1129017903232122,0.9676795536307516,0.9763434718438505,0.9743196746935028,0.9727809000560349
cju5k7r0yf98c09878csbxb4d,True,0.0192134366169735,0.5653108761845309,0.8364817392401638,0.7868320967592316,0.7295415707279754
cju5klveuff6w0871wbibgh3m,False,0.0378739070409572,0.9653047555214767,0.9425495340588864,0.9600763756250648,0.9559768884018093
cju5u4pywk81x0817vn9pe14z,False,0.0409290646578782,0.9734315873293231,0.9649109035208222,0.9495008807946083,0.9626144572149179
cju5vxuc5loxw0818u8xgf45p,False,0.1057677679083429,0.9540513701374781,0.9744568126590795,0.9293452181865476,0.9526178003277016
cju5vzjoslpj708186z2fusmz,False,0.0521211492583756,0.983469797617848,0.9771647225792225,0.9583820508738872,0.9730055236903192
cju5wcc90lu020850mjrxppv6,False,0.1051567948321077,0.9622152771898497,0.9603321675872423,0.9302562268757234,0.9509345572176051
cju5wqonpm0e60801z88ewmy1,True,0.0439747149956153,0.9606222654317639,0.9591436340448176,0.938007512069619,0.9525911371820669
cju5xopi0md7q0871r1sjc1av,False,0.109219419078574,0.9468857026746577,0.9549976177743456,0.9409917571620495,0.9476250258703508
cju5xq3tdm9fn0987pbedxdg5,True,0.035767585314894,0.7134066974280356,0.7175687409509837,0.9199008295941646,0.783625422657728
cju5yeqiwmkgl0801fzv2douc,False,0.2068853867248158,0.45776480985936807,0.46406168795795927,0.492358549321501,0.4713950157129428
cju5yhgznmkzb0801cji2vi8j,True,0.0288945392582337,0.9191671769692641,0.8802998648096331,0.9213703099460502,0.9069457839083158
cju5yimthmlv80850zhoc90c2,True,0.0519774011299435,0.966631388903173,0.9678457586699847,0.9545483643782262,0.9630085039837946
cju5ymyd8mmdc0801ry3by1xr,True,0.0343162330702523,0.9429956995107375,0.938706431246278,0.9223505683859444,0.9346842330476534
cju6uy20suzbl0987rzuhz7z9,False,0.173170546173741,0.966683855913834,0.9631014331657968,0.9593432692538465,0.9630428527778258
cju6uzxk0v83p0801rcwnexdu,False,0.2965025611672147,0.9564659903366826,0.969516991025023,0.960954945802244,0.9623126423879832
cju6v1m1xv07w09870ah3njy1,False,0.060694606779095,0.9450239963188062,0.9657905832720568,0.9264429153182798,0.9457524983030478
cju6vqarjv7yo0987q4b1btk1,False,0.1138261646425149,0.9580107838822575,0.9389161563061013,0.9161658045071973,0.9376975815651853
cju6vvb8svhed0801jjcquh5e,True,0.0151224540797201,0.8585585585488901,0.8726640590952557,0.6834628785756706,0.8048951654066054
cju6vvxsev9y30987kespucdg,False,0.0751341256366723,0.9744815853580061,0.9726005520932343,0.9712275924643267,0.9727699099718556
cju6wll7wvo3y08502pagos8m,False,0.2228618188001246,0.9814616209583016,0.9791826670431472,0.975902158411705,0.9788488154710513
cju6x4t13vyw60755gtcf9ndu,False,0.2114797463692014,0.9099112249360329,0.9037106313467973,0.8788272526109718,0.8974830362979341
cju6x97w4vwua0850x0997r0a,True,0.0787098959763099,0.9546542142618195,0.9532710280355348,0.9481991175365946,0.952041453277983
cju6xifswvwbo0987nibtdr50,True,0.3382943582054986,0.943095524031828,0.9498325394787295,0.9356997486469214,0.9428759373858263
cju6ywm40wdbo0987pbftsvtg,False,0.147008671928286,0.9748935763638946,0.9736090845640915,0.9751193661776849,0.9745406757018903
cju6z9a9kwsl007552s49rx6i,False,0.1557354087498782,0.9472760482026231,0.9303148213644371,0.9322782709689161,0.9366230468453255
cju76l27oyrw907551ri2a7fl,False,0.2608322811447811,0.9577923990955929,0.9698190356655907,0.8350208658257092,0.9208774335289643
cju774fmayxif0818u2g79usw,False,0.0582842929078444,0.9706348367989579,0.9732625938935409,0.9579718734819819,0.9672897680581602
cju77b3wyz4160755qis4ljsb,True,0.0423090903082972,0.9493439492994705,0.9484021441100355,0.9487833515488531,0.9488431483194532
cju77idwfz36d0871tzfzz51i,False,0.1898979464062108,0.9784155951879068,0.975412580330901,0.9173197856317049,0.9570493203835042
cju77q10sz9ug0801449wu1nu,False,0.1018117025518341,0.8992055448378409,0.8205447418434741,0.8370756366517718,0.8522753077776956
cju77re6fz5bb0817vp9redjg,False,0.0903530814770646,0.7800077403645712,0.800743536729575,0.7110030559342366,0.7639181110094609
cju7ae7bq1f820987toc8si1d,True,0.0366868072802757,0.9594033138060799,0.9564535880433188,0.9491997934901951,0.9550188984465313
cju7afqon1ip40850ue2308b6,False,0.0473669024114729,0.9690178829390663,0.9629318966320517,0.9587731527552321,0.9635743107754501
cju7aifyo1p3n07552nxjx51f,False,0.0586801581678686,0.9737514043484482,0.9741357102350091,0.9592973219233552,0.9690614788356041
cju7aklv31h4309871m29l4e7,False,0.1020117724806737,0.9805449821748224,0.9812195966791951,0.9689627048254335,0.976909094559817
cju7azuu31mia0801pf9ib5ed,False,0.070070169967254,0.959849598061717,0.9703760552549712,0.9122537201743448,0.947493124497011
cju7b2l561oas0871decgslaf,False,0.087721214407938,0.9772356517852269,0.9747123881491419,0.9692017598976426,0.9737165999440037
cju7bgnvb1sf808717qa799ir,False,0.1873234463276836,0.9826265223501254,0.9851334531868128,0.9821073901996665,0.9832891219122016
cju7cl8zm1xcu0817ado0jpas,False,0.3361800728235684,0.9262988193265126,0.9740564305677945,0.9479724952087208,0.9494425817010094
cju7cue9b232j0801qdzk1ykj,True,0.0866052449453754,0.9398621609586856,0.9546411763611224,0.9193205538196455,0.9379412970464845
cju7d1tvt25bu08019dvw3uff,False,0.2781158373488214,0.9656412785865731,0.9639030981559672,0.9595133105672021,0.9630192291032474
cju7d5m0p23kn09871rk7pu3v,False,0.3803306874324726,0.6276163210312349,0.6263655613837129,0.8077402338472681,0.6872407054207387
cju7d7tly27h408016fyp5nr7,False,0.1561890208907254,0.967459073389787,0.9665606221268215,0.9726985010248522,0.9689060655138202
cju7dbppn28nx085097654msi,False,0.2955915224285831,0.9615542509950319,0.9309441575034428,0.9585604504763883,0.9503529529916209
cju7ddtz729960801uazp1knc,False,0.172467236675436,0.6080774598740579,0.9518718464407114,0.7940062757812686,0.7846518606986793
cju7dhpsc2dnn0818025m6857,False,0.4917565794393794,0.9703228550161356,0.9835829463024288,0.9787006285507031,0.9775354766230892
cju7dizi82h2i0755doucgnt3,False,0.0754624085971833,0.6927113374496114,0.7608812301642558,0.942927068035354,0.7988398785497405
cju7dmlgf2ebw0871ieqas5fh,False,0.087118197194309,0.8530241812664142,0.8702409638536742,0.805804378814856,0.8430231746449816
cju7dsrtb2f8i085064kwugfk,False,0.0835939519255621,0.9671906361142124,0.9783639713068272,0.9633086946563985,0.9696211006924793
cju7ebe962hr409872ovibahw,False,0.4367287508341928,0.9780133229248203,0.9759330777467384,0.9734582062187751,0.9758015356301112
cju7emdni2py40871ivhxjtut,False,0.3543238167020222,0.9488872282183939,0.9339711057271605,0.9520837596339983,0.944980697859851
cju7epwj82koz098713apjnzo,False,0.0711962876351944,0.9010963332212313,0.8428685374504334,0.7673189920490358,0.8370946209069001
cju7et17a2vjk0755e743npl1,True,0.0405300237568608,0.9190221813389499,0.9373207415147348,0.8670869741515795,0.9078099656684214
cju7ev2b12owa08500bpfpwyw,False,0.1916095370988291,0.9529246550243062,0.9570084811095165,0.9615654260200963,0.9571661873846397
cju7evxt12m730987rxivne3x,False,0.3791221033868093,0.9476410749126125,0.8868682072925744,0.8409615555353586,0.8918236125801818
cju7f4sc62xqj075597xpmuoy,False,0.139698967940144,0.9849692216871311,0.9783986327969488,0.9759858814620922,0.979784578648724
cju7f5ghb2r5s0801chwkxxh9,False,0.2979037493913326,0.9813148655371985,0.9882529566593127,0.9746049520619307,0.981390924752814
cju7f6cqy2ur20818t1saazbm,True,0.1271313883134969,0.952687765915026,0.9174586865303992,0.9294967451708196,0.9332143992054149
cju7fcgbe2z3p07550vaflqdb,False,0.0951795496043822,0.9678543454963029,0.966293917041849,0.9727990362347069,0.9689824329242862
cju7frtqu2xa20818wq8r9fzf,False,0.177861139253215,0.9578691231416027,0.9398429102927327,0.9501942590521647,0.9493020974955
cju83ipu3jwpx0801z5pvguf8,False,0.0304037831496666,0.9606857818456956,0.9544878666750097,0.9377314035633133,0.9509683506946729
cju83nwu1jxte0987h1krpfmv,False,0.0941815497974918,0.955718124348111,0.960984984608114,0.9562867835443324,0.9576632975001859
cju83rcnzkbsj0755x5anfrcg,False,0.0919963779132021,0.9664333666601799,0.9657669871720467,0.97461340672695,0.9689379201863922
cju8432cmkgq90871cxe4iptl,False,0.3007320155882456,0.9905143555279216,0.9910452985381809,0.9862915038463664,0.9892837193041563
cju84hibuktj80871u519o71q,False,0.0628194919735714,0.9807195483662312,0.9838643544512099,0.9824073630195522,0.9823304219456643
cju857ad0l88m0817qx4cwxnf,False,0.1270333498196117,0.969244680208609,0.9740821256026883,0.959030349211255,0.9674523850075173
cju858eswlepn0871pzvdrhj1,False,0.2261436610393909,0.9793406530271083,0.9868694653262372,0.9777393684051869,0.9813164955861775
cju85ia1slh220987y7c20sm2,False,0.0733277306830361,0.978494847504989,0.976129887061818,0.9776924823026111,0.9774390722898061
cju85mpuglq8k0818d2it6hzb,False,0.1801899997021948,0.9714074893922864,0.9664627611329399,0.8285400362380696,0.922136762254432
cju85plp7lmkw0850rx42jdpf,False,0.3067873876155502,0.7979123199123336,0.8447207190020474,0.9007898343087576,0.847807624407713
cju85qefyln6v0850szeb9byi,False,0.384190627798229,0.9635126997055494,0.951301910186638,0.9674532892385947,0.9607559663769273
cju87kbcen2av0987usezo8kn,False,0.0609392459215273,0.26391494684143224,0.29948963950127183,0.31732986628423093,0.293578150875645
cju87q6yoneim0871dl4phvkd,False,0.2584173015482919,0.9719063545144992,0.9593515440238548,0.9473990423490086,0.9595523136291209
cju87vqa0ndwg0850onjdz7ol,False,0.6733168182435184,0.8711225631076491,0.9134076074475708,0.825640754201858,0.870056974919026
cju87xn2snfmv0987sc3d9xnq,False,0.1649194052230413,0.8775460564831516,0.8548429577921456,0.8885730706924201,0.8736540283225724
cju88itqbny720987hxizbj5y,False,0.2129063224097981,0.9128198524934275,0.9297220283780169,0.9129307637812184,0.9184908815508877
cju88nroho44508500129f1nh,False,0.0256919758150274,0.9675587506737898,0.9729959342134049,0.9482278715844112,0.9629275188238685
cju88vx2uoocy075531lc63n3,False,0.0331210695978438,0.9735361737466441,0.9746332368334496,0.9421825264813426,0.9634506456871454
cju8a84g0q76m0818hwiggkod,False,0.4615513229101977,0.9420908813329022,0.9589248189634606,0.9311529865593595,0.9440562289519074
cju8abobpqbir08189u01huru,False,0.1076887583157624,0.9868730248750953,0.9866768073216625,0.9735175907050411,0.982355807633933
cju8aeei7q8k308173n9y4klv,False,0.0662066206620662,0.979625062846315,0.9796387127623408,0.9457082493957999,0.9683240083348186
cju8aj01yqeqm0850lhdz3xdw,False,0.2106442373486899,0.9772210703311194,0.9811177108539182,0.9621798334530898,0.9735062048793758
cju8b2rmgr52s0801p54eyflx,False,0.1664684516730417,0.45331422001156757,0.7838646497472318,0.7573175421050855,0.6648321372879616
cju8b4ja9r2s808509d45ma86,False,0.2203315259112714,0.9760861207221166,0.9752593552515691,0.9715023724619062,0.9742826161451973
cju8b542nr81x0871uxnkm9ih,True,0.0194349071399591,0.8731310658313095,0.8827106863520181,0.9052943110744385,0.8870453544192554
cju8b6rp0r5st0850184f79xt,False,0.2748657093705017,0.9074265451352983,0.9674433752148551,0.88325952506354,0.9193764818045644
cju8b7aqtr4a00987coba14b7,True,0.0350057635139234,0.9631186208038292,0.9687924016239822,0.9546373134929069,0.9621827786402394
cju8bafgqrf4x0818twisk3ea,True,0.1750666240272892,0.9634773454255947,0.9659688760565281,0.9702488756832683,0.9665650323884637
cju8bff9nrfi10850fmfzbf8v,False,0.110133968932358,0.9732002514913289,0.9657646167929421,0.9575193924360201,0.9654947535734304
cju8bk8oirjhw0817hgkua2w8,False,0.2945314768941658,0.9818508514517674,0.9866577216911863,0.9624154812015792,0.976974684781511
cju8bpctzrqkr0850zeldv9kt,False,0.0776164729838851,0.9370850114274933,0.950700973418514,0.9609112482183941,0.9495657443548006
cju8bqxxurs6i0850mu7mtef9,False,0.1289204545454545,0.9743900928780502,0.9755040210833215,0.958101319077192,0.9693318110128546
cju8cbsyssiqj0871gr4jedjp,False,0.1431558603038908,0.9731889899793007,0.9753339249539498,0.94635205393253,0.9649583229552602
cju8doa16u5gh0818w1ywda3q,False,0.7187133401005354,0.9862689967503392,0.9914320324430418,0.9290340755092698,0.9689117015675502
cjyzkpsbjdsjq07211dfi4sru,True,0.0245804398148148,0.8230273685904435,0.9106931952352562,0.8639649302762488,0.8658951647006495
cjyzl833ndne80838pzuq6ila,False,0.135378086419753,0.9729610554527894,0.9742808288953299,0.9439521488693774,0.9637313444058323
cjyzlw7f9faqr070129au64sq,False,0.0940706983024691,0.9121811037465108,0.8956975830665745,0.8991599567768144,0.9023462145299667
cjyzuio1qgh040763k56deohv,True,0.0124975887345679,0.9153200882921384,0.9396975769635662,0.8916695834713714,0.9155624162423587
cjz14qsk2wci60794un9ozwmw,False,0.1093991126543209,0.9799044728041476,0.9762289954475115,0.9656952360458483,0.9739429014325025
ck2da7fwcjfis07218r1rvm95,True,0.0373890817901234,0.9495458463138979,0.9568888320296889,0.95467664689348,0.9537037750790223
