dataset,name,height,width,area_frac,n_lesions,largest_frac
cvc-300,149,500,574,0.09628919860627178,1,0.09628919860627178
cvc-300,150,500,574,0.07178048780487804,1,0.07178048780487804
cvc-300,151,500,574,0.0508780487804878,1,0.0508780487804878
cvc-300,152,500,574,0.042348432055749126,1,0.042348432055749126
cvc-300,153,500,574,0.04618466898954704,1,0.04618466898954704
cvc-300,154,500,574,0.04138675958188153,1,0.04138675958188153
cvc-300,155,500,574,0.03480487804878049,1,0.03480487804878049
cvc-300,156,500,574,0.03059233449477352,1,0.03059233449477352
cvc-300,157,500,574,0.023226480836236935,1,0.023226480836236935
cvc-300,158,500,574,0.022634146341463414,1,0.022634146341463414
cvc-300,159,500,574,0.025076655052264807,1,0.025076655052264807
cvc-300,160,500,574,0.02132752613240418,1,0.02132752613240418
cvc-300,161,500,574,0.023773519163763066,1,0.023773519163763066
cvc-300,162,500,574,0.018627177700348434,1,0.018627177700348434
cvc-300,163,500,574,0.0282404181184669,1,0.0282404181184669
cvc-300,164,500,574,0.03362020905923345,1,0.03362020905923345
cvc-300,165,500,574,0.04162717770034843,1,0.04162717770034843
cvc-300,166,500,574,0.05264808362369338,1,0.05264808362369338
cvc-300,167,500,574,0.028965156794425087,1,0.028965156794425087
cvc-300,168,500,574,0.02535540069686411,1,0.02535540069686411
cvc-300,169,500,574,0.039574912891986065,1,0.039574912891986065
cvc-300,170,500,574,0.07511149825783972,1,0.07511149825783972
cvc-300,171,500,574,0.184198606271777,1,0.184198606271777
cvc-300,172,500,574,0.027613240418118468,1,0.027613240418118468
cvc-300,173,500,574,0.034198606271777,1,0.034198606271777
cvc-300,174,500,574,0.028317073170731708,1,0.028317073170731708
cvc-300,175,500,574,0.042233449477351914,1,0.042233449477351914
cvc-300,176,500,574,0.044362369337979095,1,0.044362369337979095
cvc-300,177,500,574,0.02694076655052265,1,0.02694076655052265
cvc-300,178,500,574,0.02594425087108014,1,0.02594425087108014
cvc-300,179,500,574,0.027853658536585366,1,0.027853658536585366
cvc-300,180,500,574,0.04770731707317073,1,0.04770731707317073
cvc-300,181,500,574,0.03487804878048781,1,0.03487804878048781
cvc-300,182,500,574,0.026815331010452963,1,0.026815331010452963
cvc-300,183,500,574,0.02029616724738676,1,0.02029616724738676
cvc-300,184,500,574,0.022536585365853658,1,0.022536585365853658
cvc-300,185,500,574,0.011142857142857144,1,0.011142857142857144
cvc-300,186,500,574,0.013585365853658537,1,0.013585365853658537
cvc-300,187,500,574,0.015170731707317073,1,0.015170731707317073
cvc-300,188,500,574,0.014344947735191637,1,0.014344947735191637
cvc-300,189,500,574,0.029445993031358884,1,0.029445993031358884
cvc-300,190,500,574,0.023177700348432057,1,0.023177700348432057
cvc-300,191,500,574,0.04010801393728223,1,0.04010801393728223
cvc-300,192,500,574,0.03450522648083624,1,0.03450522648083624
cvc-300,193,500,574,0.03838327526132404,1,0.03838327526132404
cvc-300,194,500,574,0.04166550522648084,1,0.04166550522648084
cvc-300,195,500,574,0.026407665505226482,1,0.026407665505226482
cvc-300,196,500,574,0.027557491289198606,1,0.027557491289198606
cvc-300,197,500,574,0.052909407665505226,1,0.052909407665505226
cvc-300,198,500,574,0.018334494773519165,1,0.018334494773519165
cvc-300,199,500,574,0.0272404181184669,1,0.0272404181184669
cvc-300,200,500,574,0.01627177700348432,1,0.01627177700348432
cvc-300,201,500,574,0.01270731707317073,1,0.01270731707317073
cvc-300,202,500,574,0.03479442508710801,1,0.03479442508710801
cvc-300,203,500,574,0.024616724738675957,1,0.024616724738675957
cvc-300,204,500,574,0.014533101045296168,1,0.014533101045296168
cvc-300,205,500,574,0.008250871080139372,1,0.008250871080139372
cvc-300,206,500,574,0.007644599303135888,1,0.007644599303135888
cvc-300,207,500,574,0.010501742160278745,1,0.010501742160278745
cvc-300,208,500,574,0.005466898954703833,1,0.005466898954703833
cvc-clinicdb,1,288,384,0.15351924189814814,1,0.15351924189814814
cvc-clinicdb,10,288,384,0.1651294849537037,1,0.1651294849537037
cvc-clinicdb,100,288,384,0.06523980034722222,1,0.06523980034722222
cvc-clinicdb,101,288,384,0.0707736545138889,1,0.0707736545138889
cvc-clinicdb,102,288,384,0.07091833043981481,1,0.07091833043981481
cvc-clinicdb,103,288,384,0.08559389467592593,1,0.08559389467592593
cvc-clinicdb,104,288,384,0.11992730034722222,1,0.11992730034722222
cvc-clinicdb,105,288,384,0.14701786747685186,1,0.14701786747685186
cvc-clinicdb,106,288,384,0.13054289641203703,1,0.13054289641203703
cvc-clinicdb,107,288,384,0.18806061921296297,1,0.18806061921296297
cvc-clinicdb,108,288,384,0.17893699363425927,1,0.17893699363425927
cvc-clinicdb,109,288,384,0.16445131655092593,1,0.16445131655092593
cvc-clinicdb,11,288,384,0.15938765914351852,1,0.15938765914351852
cvc-clinicdb,110,288,384,0.22941080729166666,1,0.22941080729166666
cvc-clinicdb,111,288,384,0.23173466435185186,1,0.23173466435185186
cvc-clinicdb,112,288,384,0.23278356481481483,1,0.23278356481481483
cvc-clinicdb,113,288,384,0.23445638020833334,1,0.23445638020833334
cvc-clinicdb,114,288,384,0.2442039207175926,1,0.2442039207175926
cvc-clinicdb,115,288,384,0.13437680844907407,1,0.13437680844907407
cvc-clinicdb,116,288,384,0.14197229456018517,1,0.14197229456018517
cvc-clinicdb,117,288,384,0.1232638888888889,1,0.1232638888888889
cvc-clinicdb,118,288,384,0.14051649305555555,1,0.14050745081018517
cvc-clinicdb,119,288,384,0.11622902199074074,1,0.11622902199074074
cvc-clinicdb,12,288,384,0.23103841145833334,1,0.23103841145833334
cvc-clinicdb,120,288,384,0.15295862268518517,1,0.15295862268518517
cvc-clinicdb,121,288,384,0.15455910011574073,1,0.15455910011574073
cvc-clinicdb,122,288,384,0.15244321469907407,1,0.15244321469907407
cvc-clinicdb,123,288,384,0.13895218460648148,1,0.13895218460648148
cvc-clinicdb,124,288,384,0.15275969328703703,1,0.15275969328703703
cvc-clinicdb,125,288,384,0.0939037181712963,1,0.0939037181712963
cvc-clinicdb,126,288,384,0.0953052662037037,1,0.0953052662037037
cvc-clinicdb,127,288,384,0.046314380787037035,1,0.046314380787037035
cvc-clinicdb,128,288,384,0.055826822916666664,1,0.055826822916666664
cvc-clinicdb,129,288,384,0.07152416087962964,1,0.07152416087962964
cvc-clinicdb,13,288,384,0.12654622395833334,1,0.12654622395833334
cvc-clinicdb,130,288,384,0.0928005642361111,1,0.0928005642361111
cvc-clinicdb,131,288,384,0.09563078703703703,1,0.09563078703703703
cvc-clinicdb,132,288,384,0.04847547743055555,1,0.04847547743055555
cvc-clinicdb,133,288,384,0.0695529513888889,1,0.0695529513888889
cvc-clinicdb,134,288,384,0.06439887152777778,1,0.06439887152777778
cvc-clinicdb,135,288,384,0.1431568287037037,1,0.1431568287037037
cvc-clinicdb,136,288,384,0.12125651041666667,1,0.12125651041666667
cvc-clinicdb,137,288,384,0.10552300347222222,1,0.10552300347222222
cvc-clinicdb,138,288,384,0.16242585358796297,1,0.16242585358796297
cvc-clinicdb,139,288,384,0.1842628761574074,1,0.1842628761574074
cvc-clinicdb,14,288,384,0.2097710503472222,1,0.20976200810185186
cvc-clinicdb,140,288,384,0.20615415219907407,1,0.20615415219907407
cvc-clinicdb,141,288,384,0.26387984664351855,1,0.26387984664351855
cvc-clinicdb,142,288,384,0.2221046730324074,1,0.2221046730324074
cvc-clinicdb,143,288,384,0.041196469907407406,1,0.041196469907407406
cvc-clinicdb,144,288,384,0.1491970486111111,1,0.1491970486111111
cvc-clinicdb,145,288,384,0.20382125289351852,1,0.20382125289351852
cvc-clinicdb,146,288,384,0.20292607060185186,1,0.20292607060185186
cvc-clinicdb,147,288,384,0.12215169270833333,1,0.12215169270833333
cvc-clinicdb,148,288,384,0.08963577835648148,1,0.08963577835648148
cvc-clinicdb,149,288,384,0.08311631944444445,1,0.08311631944444445
cvc-clinicdb,15,288,384,0.32753725405092593,1,0.32753725405092593
cvc-clinicdb,150,288,384,0.0768138744212963,1,0.0768138744212963
cvc-clinicdb,151,288,384,0.06201171875,1,0.06201171875
cvc-clinicdb,152,288,384,0.18713831018518517,1,0.18713831018518517
cvc-clinicdb,153,288,384,0.05712890625,1,0.05712890625
cvc-clinicdb,154,288,384,0.005425347222222222,1,0.005425347222222222
cvc-clinicdb,155,288,384,0.015190972222222222,1,0.015190972222222222
cvc-clinicdb,156,288,384,0.04243525752314815,1,0.04243525752314815
cvc-clinicdb,157,288,384,0.06783492476851852,1,0.06783492476851852
cvc-clinicdb,158,288,384,0.04062680844907408,1,0.04062680844907408
cvc-clinicdb,159,288,384,0.01634837962962963,1,0.01634837962962963
cvc-clinicdb,16,288,384,0.07137044270833333,1,0.07137044270833333
cvc-clinicdb,160,288,384,0.07429108796296297,1,0.07429108796296297
cvc-clinicdb,161,288,384,0.028600622106481483,1,0.028600622106481483
cvc-clinicdb,162,288,384,0.04616066261574074,1,0.04616066261574074
cvc-clinicdb,163,288,384,0.04667607060185185,1,0.04667607060185185
cvc-clinicdb,164,288,384,0.028600622106481483,1,0.028600622106481483
cvc-clinicdb,165,288,384,0.0664333767361111,1,0.0664333767361111
cvc-clinicdb,166,288,384,0.06629774305555555,1,0.06629774305555555
cvc-clinicdb,167,288,384,0.031674985532407406,1,0.031674985532407406
cvc-clinicdb,168,288,384,0.04480432581018518,1,0.04479528356481482
cvc-clinicdb,169,288,384,0.05980541087962963,1,0.05980541087962963
cvc-clinicdb,17,288,384,0.13510923032407407,1,0.13510923032407407
cvc-clinicdb,170,288,384,0.04220015914351852,1,0.04220015914351852
cvc-clinicdb,171,288,384,0.047046802662037035,1,0.047046802662037035
cvc-clinicdb,172,288,384,0.02814850983796296,1,0.02814850983796296
cvc-clinicdb,173,288,384,0.0984790943287037,1,0.0984790943287037
cvc-clinicdb,174,288,384,0.10460973668981481,1,0.10460973668981481
cvc-clinicdb,175,288,384,0.13731553819444445,1,0.13731553819444445
cvc-clinicdb,176,288,384,0.11555085358796297,1,0.11555085358796297
cvc-clinicdb,177,288,384,0.0741916232638889,1,0.0741916232638889
cvc-clinicdb,178,288,384,0.003833912037037037,1,0.003833912037037037
cvc-clinicdb,179,288,384,0.02710865162037037,1,0.02710865162037037
cvc-clinicdb,18,288,384,0.10540545428240741,1,0.10540545428240741
cvc-clinicdb,180,288,384,0.030671296296296297,1,0.030671296296296297
cvc-clinicdb,181,288,384,0.02906177662037037,1,0.02906177662037037
cvc-clinicdb,182,288,384,0.03172923900462963,1,0.03172923900462963
cvc-clinicdb,183,288,384,0.029541015625,1,0.029541015625
cvc-clinicdb,184,288,384,0.02858253761574074,1,0.02857349537037037
cvc-clinicdb,185,288,384,0.044243706597222224,1,0.044243706597222224
cvc-clinicdb,186,288,384,0.07364908854166667,1,0.07364908854166667
cvc-clinicdb,187,288,384,0.11866138599537036,1,0.11866138599537036
cvc-clinicdb,188,288,384,0.11962890625,1,0.11962890625
cvc-clinicdb,189,288,384,0.04659469039351852,1,0.04659469039351852
cvc-clinicdb,19,288,384,0.16359230324074073,1,0.16359230324074073
cvc-clinicdb,190,288,384,0.03058087384259259,1,0.03058087384259259
cvc-clinicdb,191,288,384,0.011456524884259259,1,0.011456524884259259
cvc-clinicdb,192,288,384,0.013029875578703705,1,0.013029875578703705
cvc-clinicdb,193,288,384,0.02141203703703704,1,0.02141203703703704
cvc-clinicdb,194,288,384,0.04332139756944445,1,0.04332139756944445
cvc-clinicdb,195,288,384,0.03932472511574074,1,0.03932472511574074
cvc-clinicdb,196,288,384,0.039614076967592594,1,0.039614076967592594
cvc-clinicdb,197,288,384,0.04261610243055555,1,0.04261610243055555
cvc-clinicdb,198,288,384,0.040355541087962965,1,0.040355541087962965
cvc-clinicdb,199,288,384,0.03951461226851852,1,0.03951461226851852
cvc-clinicdb,2,288,384,0.18565538194444445,1,0.18565538194444445
cvc-clinicdb,20,288,384,0.16353804976851852,1,0.16353804976851852
cvc-clinicdb,200,288,384,0.05261682581018518,1,0.05261682581018518
cvc-clinicdb,201,288,384,0.05326786747685185,1,0.05324978298611111
cvc-clinicdb,202,288,384,0.04934353298611111,1,0.04934353298611111
cvc-clinicdb,203,288,384,0.04515697337962963,1,0.04515697337962963
cvc-clinicdb,204,288,384,0.031819661458333336,1,0.031819661458333336
cvc-clinicdb,205,288,384,0.027370876736111112,1,0.027370876736111112
cvc-clinicdb,206,288,384,0.07816116898148148,1,0.07816116898148148
cvc-clinicdb,207,288,384,0.07886646412037036,1,0.07886646412037036
cvc-clinicdb,208,288,384,0.03756148726851852,1,0.03756148726851852
cvc-clinicdb,209,288,384,0.025589554398148147,1,0.025589554398148147
cvc-clinicdb,21,288,384,0.27011899594907407,1,0.27011899594907407
cvc-clinicdb,210,288,384,0.25376157407407407,1,0.25376157407407407
cvc-clinicdb,211,288,384,0.19643373842592593,1,0.19643373842592593
cvc-clinicdb,212,288,384,0.15417028356481483,1,0.15417028356481483
cvc-clinicdb,213,288,384,0.1464301215277778,1,0.1464210792824074
cvc-clinicdb,214,288,384,0.0959743923611111,1,0.0959201388888889
cvc-clinicdb,215,288,384,0.09259259259259259,1,0.09259259259259259
cvc-clinicdb,216,288,384,0.111083984375,1,0.111083984375
cvc-clinicdb,217,288,384,0.10010669849537036,1,0.10010669849537036
cvc-clinicdb,218,288,384,0.07793511284722222,1,0.07793511284722222
cvc-clinicdb,219,288,384,0.06382921006944445,1,0.06382921006944445
cvc-clinicdb,22,288,384,0.48460105613425924,1,0.48460105613425924
cvc-clinicdb,220,288,384,0.04465964988425926,1,0.04465964988425926
cvc-clinicdb,221,288,384,0.03666630497685185,1,0.03666630497685185
cvc-clinicdb,222,288,384,0.031195746527777776,1,0.031195746527777776
cvc-clinicdb,223,288,384,0.0302734375,1,0.0302734375
cvc-clinicdb,224,288,384,0.02423321759259259,1,0.02423321759259259
cvc-clinicdb,225,288,384,0.030228226273148147,1,0.030228226273148147
cvc-clinicdb,226,288,384,0.04726381655092592,1,0.04726381655092592
cvc-clinicdb,227,288,384,0.02717194733796296,1,0.02717194733796296
cvc-clinicdb,228,288,384,0.07636176215277778,1,0.07636176215277778
cvc-clinicdb,229,288,384,0.07636176215277778,1,0.07636176215277778
cvc-clinicdb,23,288,384,0.24337203414351852,1,0.24337203414351852
cvc-clinicdb,230,288,384,0.2010181568287037,1,0.2010181568287037
cvc-clinicdb,231,288,384,0.17371961805555555,1,0.17369249131944445
cvc-clinicdb,232,288,384,0.1615939670138889,1,0.1615939670138889
cvc-clinicdb,233,288,384,0.16569010416666666,1,0.16569010416666666
cvc-clinicdb,234,288,384,0.146240234375,1,0.146240234375
cvc-clinicdb,235,288,384,0.1290961371527778,1,0.1290961371527778
cvc-clinicdb,236,288,384,0.10471824363425926,1,0.10471824363425926
cvc-clinicdb,237,288,384,0.12468352141203703,1,0.12468352141203703
cvc-clinicdb,238,288,384,0.11920392071759259,1,0.11920392071759259
cvc-clinicdb,239,288,384,0.12019856770833333,1,0.12019856770833333
cvc-clinicdb,24,288,384,0.20518663194444445,1,0.20518663194444445
cvc-clinicdb,240,288,384,0.11432110821759259,1,0.11432110821759259
cvc-clinicdb,241,288,384,0.12586805555555555,1,0.12585901331018517
cvc-clinicdb,242,288,384,0.11895073784722222,1,0.11895073784722222
cvc-clinicdb,243,288,384,0.09163411458333333,1,0.09163411458333333
cvc-clinicdb,244,288,384,0.08512369791666667,1,0.08512369791666667
cvc-clinicdb,245,288,384,0.07109917534722222,1,0.07109917534722222
cvc-clinicdb,246,288,384,0.11121961805555555,1,0.11121961805555555
cvc-clinicdb,247,288,384,0.1356517650462963,1,0.1356517650462963
cvc-clinicdb,248,288,384,0.1208767361111111,1,0.1208767361111111
cvc-clinicdb,249,288,384,0.09651692708333333,1,0.09651692708333333
cvc-clinicdb,25,288,384,0.4588035300925926,1,0.4588035300925926
cvc-clinicdb,250,288,384,0.0920138888888889,1,0.0920138888888889
cvc-clinicdb,251,288,384,0.07218424479166667,1,0.07218424479166667
cvc-clinicdb,252,288,384,0.10258427372685185,1,0.10258427372685185
cvc-clinicdb,253,288,384,0.22316261574074073,1,0.22316261574074073
cvc-clinicdb,254,288,384,0.21205873842592593,1,0.21205873842592593
cvc-clinicdb,255,288,384,0.1912254050925926,1,0.1912254050925926
cvc-clinicdb,256,288,384,0.2033058449074074,1,0.2033058449074074
cvc-clinicdb,257,288,384,0.24266673900462962,1,0.24266673900462962
cvc-clinicdb,258,288,384,0.214599609375,1,0.21456344039351852
cvc-clinicdb,259,288,384,0.21955475983796297,1,0.21955475983796297
cvc-clinicdb,26,288,384,0.01318359375,1,0.01318359375
cvc-clinicdb,260,288,384,0.2167426215277778,1,0.2167426215277778
cvc-clinicdb,261,288,384,0.1939380787037037,1,0.1939380787037037
cvc-clinicdb,262,288,384,0.13709852430555555,1,0.13709852430555555
cvc-clinicdb,263,288,384,0.10227683738425926,1,0.10227683738425926
cvc-clinicdb,264,288,384,0.22923900462962962,1,0.22923900462962962
cvc-clinicdb,265,288,384,0.2312554253472222,1,0.2312554253472222
cvc-clinicdb,266,288,384,0.2414008246527778,1,0.2414008246527778
cvc-clinicdb,267,288,384,0.17288773148148148,1,0.17288773148148148
cvc-clinicdb,268,288,384,0.22388599537037038,1,0.22388599537037038
cvc-clinicdb,269,288,384,0.16353804976851852,1,0.16353804976851852
cvc-clinicdb,27,288,384,0.013472945601851851,1,0.013472945601851851
cvc-clinicdb,270,288,384,0.19178602430555555,1,0.19177698206018517
cvc-clinicdb,271,288,384,0.26632125289351855,1,0.26632125289351855
cvc-clinicdb,272,288,384,0.3183865017361111,1,0.3183865017361111
cvc-clinicdb,273,288,384,0.27934208622685186,1,0.27934208622685186
cvc-clinicdb,274,288,384,0.29395435474537035,1,0.29395435474537035
cvc-clinicdb,275,288,384,0.23479094328703703,1,0.23479094328703703
cvc-clinicdb,276,288,384,0.1994086371527778,1,0.1994086371527778
cvc-clinicdb,277,288,384,0.137451171875,1,0.137451171875
cvc-clinicdb,278,288,384,0.02147533275462963,1,0.02147533275462963
cvc-clinicdb,279,288,384,0.024775752314814815,1,0.024775752314814815
cvc-clinicdb,28,288,384,0.03330258969907408,1,0.03330258969907408
cvc-clinicdb,280,288,384,0.02879050925925926,1,0.02879050925925926
cvc-clinicdb,281,288,384,0.033022280092592594,1,0.033022280092592594
cvc-clinicdb,282,288,384,0.037055121527777776,1,0.037055121527777776
cvc-clinicdb,283,288,384,0.036783854166666664,1,0.036783854166666664
cvc-clinicdb,284,288,384,0.027931495949074073,1,0.027931495949074073
cvc-clinicdb,285,288,384,0.030680338541666668,1,0.030680338541666668
cvc-clinicdb,286,288,384,0.03369140625,1,0.03369140625
cvc-clinicdb,287,288,384,0.03171115451388889,1,0.03171115451388889
cvc-clinicdb,288,288,384,0.033528645833333336,1,0.033528645833333336
cvc-clinicdb,289,288,384,0.029324001736111112,1,0.029324001736111112
cvc-clinicdb,29,288,384,0.04007523148148148,1,0.04007523148148148
cvc-clinicdb,290,288,384,0.01707175925925926,1,0.01707175925925926
cvc-clinicdb,291,288,384,0.01492874710648148,1,0.01492874710648148
cvc-clinicdb,292,288,384,0.021782769097222224,1,0.021782769097222224
cvc-clinicdb,293,288,384,0.032886646412037035,1,0.032886646412037035
cvc-clinicdb,294,288,384,0.03429723668981482,1,0.03429723668981482
cvc-clinicdb,295,288,384,0.032280815972222224,1,0.032280815972222224
cvc-clinicdb,296,288,384,0.024766710069444444,1,0.024766710069444444
cvc-clinicdb,297,288,384,0.025598596643518517,1,0.025598596643518517
cvc-clinicdb,298,288,384,0.061279296875,1,0.061279296875
cvc-clinicdb,299,288,384,0.02977611400462963,1,0.02977611400462963
cvc-clinicdb,3,288,384,0.18080873842592593,1,0.18080873842592593
cvc-clinicdb,30,288,384,0.08165147569444445,1,0.08165147569444445
cvc-clinicdb,300,288,384,0.07554796006944445,1,0.07554796006944445
cvc-clinicdb,301,288,384,0.054144965277777776,1,0.054144965277777776
cvc-clinicdb,302,288,384,0.08031322337962964,1,0.08031322337962964
cvc-clinicdb,303,288,384,0.0942654079861111,1,0.0942654079861111
cvc-clinicdb,304,288,384,0.0879810474537037,1,0.0879810474537037
cvc-clinicdb,305,288,384,0.12941261574074073,1,0.12941261574074073
cvc-clinicdb,306,288,384,0.23264793113425927,1,0.23264793113425927
cvc-clinicdb,307,288,384,0.0996997974537037,1,0.0996997974537037
cvc-clinicdb,308,288,384,0.1042209201388889,1,0.1042209201388889
cvc-clinicdb,309,288,384,0.04673032407407408,1,0.04673032407407408
cvc-clinicdb,31,288,384,0.07549370659722222,1,0.07549370659722222
cvc-clinicdb,310,288,384,0.02296730324074074,1,0.02296730324074074
cvc-clinicdb,311,288,384,0.02594220196759259,1,0.02594220196759259
cvc-clinicdb,312,288,384,0.011546947337962963,1,0.011546947337962963
cvc-clinicdb,313,288,384,0.06017614293981482,1,0.06017614293981482
cvc-clinicdb,314,288,384,0.07826063368055555,1,0.07825159143518519
cvc-clinicdb,315,288,384,0.18184859664351852,1,0.18184859664351852
cvc-clinicdb,316,288,384,0.28782371238425924,1,0.28782371238425924
cvc-clinicdb,317,288,384,0.14456741898148148,1,0.14456741898148148
cvc-clinicdb,318,288,384,0.02179181134259259,1,0.02179181134259259
cvc-clinicdb,319,288,384,0.02483904803240741,1,0.02483904803240741
cvc-clinicdb,32,288,384,0.08634440104166667,1,0.08634440104166667
cvc-clinicdb,320,288,384,0.03908058449074074,1,0.03908058449074074
cvc-clinicdb,321,288,384,0.054108796296296294,1,0.054108796296296294
cvc-clinicdb,322,288,384,0.07298900462962964,1,0.07298900462962964
cvc-clinicdb,323,288,384,0.08928313078703703,1,0.08928313078703703
cvc-clinicdb,324,288,384,0.05787037037037037,1,0.05787037037037037
cvc-clinicdb,325,288,384,0.04115125868055555,1,0.04115125868055555
cvc-clinicdb,326,288,384,0.036431206597222224,1,0.036431206597222224
cvc-clinicdb,327,288,384,0.031566478587962965,1,0.031566478587962965
cvc-clinicdb,328,288,384,0.039496527777777776,1,0.039496527777777776
cvc-clinicdb,329,288,384,0.041693793402777776,1,0.041693793402777776
cvc-clinicdb,33,288,384,0.10142686631944445,1,0.10142686631944445
cvc-clinicdb,330,288,384,0.052897135416666664,1,0.052897135416666664
cvc-clinicdb,331,288,384,0.06995081018518519,1,0.06995081018518519
cvc-clinicdb,332,288,384,0.051450376157407406,1,0.051450376157407406
cvc-clinicdb,333,288,384,0.04635054976851852,1,0.04635054976851852
cvc-clinicdb,334,288,384,0.04982277199074074,1,0.04982277199074074
cvc-clinicdb,335,288,384,0.053150318287037035,1,0.053150318287037035
cvc-clinicdb,336,288,384,0.048249421296296294,1,0.048249421296296294
cvc-clinicdb,337,288,384,0.052399811921296294,1,0.052399811921296294
cvc-clinicdb,338,288,384,0.11723271122685185,1,0.11723271122685185
cvc-clinicdb,339,288,384,0.027624059606481483,1,0.027624059606481483
cvc-clinicdb,34,288,384,0.05947084780092592,1,0.05947084780092592
cvc-clinicdb,340,288,384,0.01690899884259259,1,0.01690899884259259
cvc-clinicdb,341,288,384,0.021873191550925927,1,0.021873191550925927
cvc-clinicdb,342,288,384,0.07215711805555555,1,0.07215711805555555
cvc-clinicdb,343,288,384,0.06655092592592593,1,0.06655092592592593
cvc-clinicdb,344,288,384,0.1232638888888889,1,0.1232638888888889
cvc-clinicdb,345,288,384,0.1149631076388889,1,0.11494502314814815
cvc-clinicdb,346,288,384,0.03493019386574074,1,0.03493019386574074
cvc-clinicdb,347,288,384,0.04538302951388889,1,0.04538302951388889
cvc-clinicdb,348,288,384,0.2081615306712963,1,0.2081615306712963
cvc-clinicdb,349,288,384,0.21446397569444445,1,0.21446397569444445
cvc-clinicdb,35,288,384,0.06519458912037036,1,0.06519458912037036
cvc-clinicdb,350,288,384,0.12589518229166666,1,0.12589518229166666
cvc-clinicdb,351,288,384,0.03782371238425926,1,0.03782371238425926
cvc-clinicdb,352,288,384,0.036783854166666664,1,0.036783854166666664
cvc-clinicdb,353,288,384,0.07172309027777778,1,0.07170500578703703
cvc-clinicdb,354,288,384,0.06956199363425926,1,0.06956199363425926
cvc-clinicdb,355,288,384,0.08891239872685185,1,0.08891239872685185
cvc-clinicdb,356,288,384,0.08818901909722222,1,0.08818901909722222
cvc-clinicdb,357,288,384,0.19310619212962962,1,0.19310619212962962
cvc-clinicdb,358,288,384,0.0796169704861111,1,0.0796169704861111
cvc-clinicdb,359,288,384,0.10224971064814815,1,0.10224971064814815
cvc-clinicdb,36,288,384,0.03602430555555555,1,0.03602430555555555
cvc-clinicdb,360,288,384,0.1212474681712963,1,0.1212474681712963
cvc-clinicdb,361,288,384,0.0995189525462963,1,0.0995189525462963
cvc-clinicdb,362,288,384,0.08176902488425926,1,0.08176902488425926
cvc-clinicdb,363,288,384,0.013156467013888888,1,0.013156467013888888
cvc-clinicdb,364,288,384,0.021330656828703703,1,0.021330656828703703
cvc-clinicdb,365,288,384,0.017966941550925927,1,0.017966941550925927
cvc-clinicdb,366,288,384,0.01780418113425926,1,0.01780418113425926
cvc-clinicdb,367,288,384,0.020290798611111112,1,0.020290798611111112
cvc-clinicdb,368,288,384,0.018663194444444444,1,0.018663194444444444
cvc-clinicdb,369,288,384,0.01517288773148148,1,0.01517288773148148
cvc-clinicdb,37,288,384,0.07149703414351852,1,0.07149703414351852
cvc-clinicdb,370,288,384,0.014585141782407407,1,0.014585141782407407
cvc-clinicdb,371,288,384,0.009874131944444444,1,0.009874131944444444
cvc-clinicdb,372,288,384,0.009114583333333334,1,0.009114583333333334
cvc-clinicdb,373,288,384,0.009584780092592593,1,0.009584780092592593
cvc-clinicdb,374,288,384,0.011736834490740741,1,0.011736834490740741
cvc-clinicdb,375,288,384,0.008617259837962963,1,0.008617259837962963
cvc-clinicdb,376,288,384,0.023392288773148147,1,0.023392288773148147
cvc-clinicdb,377,288,384,0.019675925925925927,1,0.019675925925925927
cvc-clinicdb,378,288,384,0.01716218171296296,1,0.01716218171296296
cvc-clinicdb,379,288,384,0.012424045138888888,1,0.012424045138888888
cvc-clinicdb,38,288,384,0.041657624421296294,1,0.041657624421296294
cvc-clinicdb,380,288,384,0.016493055555555556,1,0.016493055555555556
cvc-clinicdb,381,288,384,0.024269386574074073,1,0.024269386574074073
cvc-clinicdb,382,288,384,0.028691044560185185,1,0.028691044560185185
cvc-clinicdb,383,288,384,0.026647497106481483,1,0.026647497106481483
cvc-clinicdb,384,288,384,0.27089662905092593,1,0.27089662905092593
cvc-clinicdb,385,288,384,0.23680736400462962,1,0.23680736400462962
cvc-clinicdb,386,288,384,0.2553168402777778,1,0.2553168402777778
cvc-clinicdb,387,288,384,0.2506239149305556,1,0.2506239149305556
cvc-clinicdb,388,288,384,0.2319064670138889,1,0.2319064670138889
cvc-clinicdb,389,288,384,0.1935402199074074,1,0.1935402199074074
cvc-clinicdb,39,288,384,0.03837528935185185,1,0.03837528935185185
cvc-clinicdb,390,288,384,0.16408058449074073,1,0.16408058449074073
cvc-clinicdb,391,288,384,0.04881004050925926,1,0.04881004050925926
cvc-clinicdb,392,288,384,0.07463469328703703,1,0.07463469328703703
cvc-clinicdb,393,288,384,0.06750036168981481,1,0.06750036168981481
cvc-clinicdb,394,288,384,0.07094545717592593,1,0.07094545717592593
cvc-clinicdb,395,288,384,0.10138165509259259,1,0.10138165509259259
cvc-clinicdb,396,288,384,0.10290075231481481,1,0.10290075231481481
cvc-clinicdb,397,288,384,0.13469328703703703,1,0.13469328703703703
cvc-clinicdb,398,288,384,0.1646140769675926,1,0.1646140769675926
cvc-clinicdb,399,288,384,0.10807291666666667,1,0.10807291666666667
cvc-clinicdb,4,288,384,0.19151475694444445,1,0.19151475694444445
cvc-clinicdb,40,288,384,0.07165075231481481,1,0.07165075231481481
cvc-clinicdb,400,288,384,0.061451099537037035,1,0.061451099537037035
cvc-clinicdb,401,288,384,0.0846896701388889,1,0.0846896701388889
cvc-clinicdb,402,288,384,0.1265190972222222,1,0.1265190972222222
cvc-clinicdb,403,288,384,0.08532262731481481,1,0.08532262731481481
cvc-clinicdb,404,288,384,0.09837058738425926,1,0.09837058738425926
cvc-clinicdb,405,288,384,0.08184136284722222,1,0.08184136284722222
cvc-clinicdb,406,288,384,0.08732096354166667,1,0.08732096354166667
cvc-clinicdb,407,288,384,0.09778284143518519,1,0.09778284143518519
cvc-clinicdb,408,288,384,0.07200339988425926,1,0.07200339988425926
cvc-clinicdb,409,288,384,0.2593948929398148,1,0.2593948929398148
cvc-clinicdb,41,288,384,0.042652271412037035,1,0.042652271412037035
cvc-clinicdb,410,288,384,0.080322265625,1,0.080322265625
cvc-clinicdb,411,288,384,0.05814163773148148,1,0.05814163773148148
cvc-clinicdb,412,288,384,0.06191225405092592,1,0.06191225405092592
cvc-clinicdb,413,288,384,0.061369719328703706,1,0.061369719328703706
cvc-clinicdb,414,288,384,0.2862232349537037,1,0.2862232349537037
cvc-clinicdb,415,288,384,0.13947663483796297,1,0.13947663483796297
cvc-clinicdb,416,288,384,0.12974717881944445,1,0.12974717881944445
cvc-clinicdb,417,288,384,0.09318033854166667,1,0.09318033854166667
cvc-clinicdb,418,288,384,0.04797815393518518,1,0.04797815393518518
cvc-clinicdb,419,288,384,0.13670066550925927,1,0.13667353877314814
cvc-clinicdb,42,288,384,0.06214735243055555,1,0.06214735243055555
cvc-clinicdb,420,288,384,0.1622992621527778,1,0.1622992621527778
cvc-clinicdb,421,288,384,0.13866283275462962,1,0.13866283275462962
cvc-clinicdb,422,288,384,0.3109266493055556,1,0.3109266493055556
cvc-clinicdb,423,288,384,0.14928747106481483,1,0.14928747106481483
cvc-clinicdb,424,288,384,0.023220486111111112,1,0.023220486111111112
cvc-clinicdb,425,288,384,0.02464916087962963,1,0.02464916087962963
cvc-clinicdb,426,288,384,0.08707682291666667,1,0.08707682291666667
cvc-clinicdb,427,288,384,0.11214192708333333,1,0.11214192708333333
cvc-clinicdb,428,288,384,0.1011013454861111,1,0.10109230324074074
cvc-clinicdb,429,288,384,0.06938114872685185,1,0.06938114872685185
cvc-clinicdb,43,288,384,0.05002170138888889,1,0.05002170138888889
cvc-clinicdb,430,288,384,0.06543872974537036,1,0.06543872974537036
cvc-clinicdb,431,288,384,0.05709273726851852,1,0.05709273726851852
cvc-clinicdb,432,288,384,0.08060257523148148,1,0.08060257523148148
cvc-clinicdb,433,288,384,0.08396629050925926,1,0.08396629050925926
cvc-clinicdb,434,288,384,0.0901150173611111,1,0.0901150173611111
cvc-clinicdb,435,288,384,0.07029441550925926,1,0.07029441550925926
cvc-clinicdb,436,288,384,0.0669216579861111,1,0.0669216579861111
cvc-clinicdb,437,288,384,0.06572808159722222,1,0.06572808159722222
cvc-clinicdb,438,288,384,0.15421549479166666,1,0.15421549479166666
cvc-clinicdb,439,288,384,0.0687572337962963,1,0.0687572337962963
cvc-clinicdb,44,288,384,0.079345703125,1,0.079345703125
cvc-clinicdb,440,288,384,0.053412543402777776,1,0.053412543402777776
cvc-clinicdb,441,288,384,0.022180627893518517,1,0.022180627893518517
cvc-clinicdb,442,288,384,0.03675672743055555,1,0.03675672743055555
cvc-clinicdb,443,288,384,0.05717411747685185,1,0.05717411747685185
cvc-clinicdb,444,288,384,0.0666775173611111,1,0.0666775173611111
cvc-clinicdb,445,288,384,0.12758608217592593,1,0.12758608217592593
cvc-clinicdb,446,288,384,0.11936668113425926,1,0.11936668113425926
cvc-clinicdb,447,288,384,0.027533637152777776,1,0.027533637152777776
cvc-clinicdb,448,288,384,0.05735496238425926,1,0.05735496238425926
cvc-clinicdb,449,288,384,0.04414424189814815,1,0.04414424189814815
cvc-clinicdb,45,288,384,0.056830512152777776,1,0.056830512152777776
cvc-clinicdb,450,288,384,0.024947554976851853,1,0.024947554976851853
cvc-clinicdb,451,288,384,0.01951316550925926,1,0.01951316550925926
cvc-clinicdb,452,288,384,0.033293547453703706,1,0.033293547453703706
cvc-clinicdb,453,288,384,0.03665726273148148,1,0.03665726273148148
cvc-clinicdb,454,288,384,0.058747468171296294,1,0.058747468171296294
cvc-clinicdb,455,288,384,0.07597294560185185,1,0.07597294560185185
cvc-clinicdb,456,288,384,0.09856047453703703,1,0.09856047453703703
cvc-clinicdb,457,288,384,0.0882884837962963,1,0.0882884837962963
cvc-clinicdb,458,288,384,0.04170283564814815,1,0.04170283564814815
cvc-clinicdb,459,288,384,0.03788700810185185,1,0.03788700810185185
cvc-clinicdb,46,288,384,0.057318793402777776,1,0.057318793402777776
cvc-clinicdb,460,288,384,0.048502604166666664,1,0.048502604166666664
cvc-clinicdb,461,288,384,0.05954318576388889,1,0.05954318576388889
cvc-clinicdb,462,288,384,0.06863968460648148,1,0.06863968460648148
cvc-clinicdb,463,288,384,0.10561342592592593,1,0.10561342592592593
cvc-clinicdb,464,288,384,0.07696759259259259,1,0.07696759259259259
cvc-clinicdb,465,288,384,0.10898618344907407,1,0.10898618344907407
cvc-clinicdb,466,288,384,0.10260235821759259,1,0.10260235821759259
cvc-clinicdb,467,288,384,0.08884910300925926,1,0.08884910300925926
cvc-clinicdb,468,288,384,0.10691550925925926,1,0.10691550925925926
cvc-clinicdb,469,288,384,0.12076822916666667,1,0.12076822916666667
cvc-clinicdb,47,288,384,0.09401222511574074,1,0.09401222511574074
cvc-clinicdb,470,288,384,0.09000651041666667,1,0.0899974681712963
cvc-clinicdb,471,288,384,0.19454390914351852,1,0.19454390914351852
cvc-clinicdb,472,288,384,0.20780888310185186,1,0.20780888310185186
cvc-clinicdb,473,288,384,0.15202727141203703,1,0.15202727141203703
cvc-clinicdb,474,288,384,0.17042824074074073,1,0.17042824074074073
cvc-clinicdb,475,288,384,0.21494321469907407,1,0.21494321469907407
cvc-clinicdb,476,288,384,0.17870189525462962,1,0.17870189525462962
cvc-clinicdb,477,288,384,0.17812319155092593,1,0.17812319155092593
cvc-clinicdb,478,288,384,0.20520471643518517,1,0.20520471643518517
cvc-clinicdb,479,288,384,0.15657552083333334,1,0.15657552083333334
cvc-clinicdb,48,288,384,0.04562717013888889,1,0.04562717013888889
cvc-clinicdb,480,288,384,0.14207175925925927,1,0.14207175925925927
cvc-clinicdb,481,288,384,0.1357693142361111,1,0.1357693142361111
cvc-clinicdb,482,288,384,0.1956108940972222,1,0.1956108940972222
cvc-clinicdb,483,288,384,0.1991283275462963,1,0.1991283275462963
cvc-clinicdb,484,288,384,0.16710069444444445,1,0.16710069444444445
cvc-clinicdb,485,288,384,0.13157371238425927,1,0.13157371238425927
cvc-clinicdb,486,288,384,0.05162217881944445,1,0.05162217881944445
cvc-clinicdb,487,288,384,0.10413953993055555,1,0.10413953993055555
cvc-clinicdb,488,288,384,0.10827184606481481,1,0.10827184606481481
cvc-clinicdb,489,288,384,0.28993959780092593,1,0.28993959780092593
cvc-clinicdb,49,288,384,0.08031322337962964,1,0.08031322337962964
cvc-clinicdb,490,288,384,0.4896195023148148,1,0.4896195023148148
cvc-clinicdb,491,288,384,0.1874728732638889,1,0.1874728732638889
cvc-clinicdb,492,288,384,0.20494249131944445,1,0.20494249131944445
cvc-clinicdb,493,288,384,0.18896484375,1,0.18896484375
cvc-clinicdb,494,288,384,0.16257957175925927,1,0.16257957175925927
cvc-clinicdb,495,288,384,0.1863335503472222,1,0.18632450810185186
cvc-clinicdb,496,288,384,0.17072663483796297,1,0.17072663483796297
cvc-clinicdb,497,288,384,0.3575755931712963,1,0.3575755931712963
cvc-clinicdb,498,288,384,0.25942201967592593,1,0.25942201967592593
cvc-clinicdb,499,288,384,0.24137369791666666,1,0.24137369791666666
cvc-clinicdb,5,288,384,0.1692798755787037,1,0.1692798755787037
cvc-clinicdb,50,288,384,0.02662037037037037,1,0.02662037037037037
cvc-clinicdb,500,288,384,0.13321940104166666,1,0.13321940104166666
cvc-clinicdb,501,288,384,0.15303096064814814,1,0.15303096064814814
cvc-clinicdb,502,288,384,0.17725513599537038,1,0.17725513599537038
cvc-clinicdb,503,288,384,0.20756474247685186,1,0.20756474247685186
cvc-clinicdb,504,288,384,0.09123625578703703,1,0.09123625578703703
cvc-clinicdb,505,288,384,0.13758680555555555,1,0.13758680555555555
cvc-clinicdb,506,288,384,0.4041431568287037,1,0.4041431568287037
cvc-clinicdb,507,288,384,0.37156394675925924,1,0.37156394675925924
cvc-clinicdb,508,288,384,0.14860930266203703,1,0.14860930266203703
cvc-clinicdb,509,288,384,0.1130099826388889,1,0.1130099826388889
cvc-clinicdb,51,288,384,0.00977466724537037,1,0.00977466724537037
cvc-clinicdb,510,288,384,0.10437463831018519,1,0.10437463831018519
cvc-clinicdb,511,288,384,0.0631419994212963,1,0.0631419994212963
cvc-clinicdb,512,288,384,0.05977828414351852,1,0.05977828414351852
cvc-clinicdb,513,288,384,0.07039388020833333,1,0.07039388020833333
cvc-clinicdb,514,288,384,0.09404839409722222,1,0.09404839409722222
cvc-clinicdb,515,288,384,0.07716652199074074,1,0.07716652199074074
cvc-clinicdb,516,288,384,0.12006293402777778,1,0.12006293402777778
cvc-clinicdb,517,288,384,0.07579210069444445,1,0.07579210069444445
cvc-clinicdb,518,288,384,0.06278935185185185,1,0.06278935185185185
cvc-clinicdb,519,288,384,0.1578052662037037,1,0.1578052662037037
cvc-clinicdb,52,288,384,0.009494357638888888,1,0.009494357638888888
cvc-clinicdb,520,288,384,0.19736508969907407,1,0.19736508969907407
cvc-clinicdb,521,288,384,0.09177879050925926,1,0.09177879050925926
cvc-clinicdb,522,288,384,0.06760886863425926,1,0.06760886863425926
cvc-clinicdb,523,288,384,0.04395435474537037,1,0.04395435474537037
cvc-clinicdb,524,288,384,0.1787109375,1,0.1787109375
cvc-clinicdb,525,288,384,0.0988498263888889,1,0.09884078414351852
cvc-clinicdb,526,288,384,0.07746491608796297,1,0.07746491608796297
cvc-clinicdb,527,288,384,0.07670536747685185,1,0.07670536747685185
cvc-clinicdb,528,288,384,0.09605577256944445,1,0.09605577256944445
cvc-clinicdb,529,288,384,0.023600260416666668,1,0.023600260416666668
cvc-clinicdb,53,288,384,0.007405598958333333,1,0.007405598958333333
cvc-clinicdb,530,288,384,0.022904007523148147,1,0.022904007523148147
cvc-clinicdb,531,288,384,0.0263671875,1,0.0263671875
cvc-clinicdb,532,288,384,0.031891999421296294,1,0.031891999421296294
cvc-clinicdb,533,288,384,0.04294162326388889,1,0.04294162326388889
cvc-clinicdb,534,288,384,0.05538375289351852,1,0.05538375289351852
cvc-clinicdb,535,288,384,0.05872938368055555,1,0.05872938368055555
cvc-clinicdb,536,288,384,0.06181278935185185,1,0.06181278935185185
cvc-clinicdb,537,288,384,0.03955982349537037,1,0.03955982349537037
cvc-clinicdb,538,288,384,0.041078920717592594,1,0.041078920717592594
cvc-clinicdb,539,288,384,0.0669216579861111,1,0.0669216579861111
cvc-clinicdb,54,288,384,0.004014756944444444,1,0.004014756944444444
cvc-clinicdb,540,288,384,0.12354419849537036,1,0.12354419849537036
cvc-clinicdb,541,288,384,0.049406828703703706,1,0.049397786458333336
cvc-clinicdb,542,288,384,0.05748155381944445,1,0.05748155381944445
cvc-clinicdb,543,288,384,0.0832248263888889,1,0.0832248263888889
cvc-clinicdb,544,288,384,0.12718822337962962,1,0.12718822337962962
cvc-clinicdb,545,288,384,0.05676721643518518,1,0.05676721643518518
cvc-clinicdb,546,288,384,0.054389105902777776,1,0.054389105902777776
cvc-clinicdb,547,288,384,0.043538411458333336,2,0.030617042824074073
cvc-clinicdb,548,288,384,0.058503327546296294,2,0.036051432291666664
cvc-clinicdb,549,288,384,0.01805736400462963,2,0.010597511574074073
cvc-clinicdb,55,288,384,0.006013093171296296,1,0.006013093171296296
cvc-clinicdb,550,288,384,0.05541087962962963,2,0.04262514467592592
cvc-clinicdb,551,288,384,0.055908203125,2,0.04367404513888889
cvc-clinicdb,552,288,384,0.056306061921296294,2,0.047516999421296294
cvc-clinicdb,553,288,384,0.07136140046296297,2,0.059009693287037035
cvc-clinicdb,554,288,384,0.07995153356481481,2,0.06579137731481481
cvc-clinicdb,555,288,384,0.06655092592592593,2,0.055600766782407406
cvc-clinicdb,556,288,384,0.06484194155092593,2,0.055835865162037035
cvc-clinicdb,557,288,384,0.05252640335648148,2,0.041558159722222224
cvc-clinicdb,558,288,384,0.051604094328703706,2,0.042643229166666664
cvc-clinicdb,559,288,384,0.003372757523148148,1,0.003372757523148148
cvc-clinicdb,56,288,384,0.025553385416666668,1,0.025553385416666668
cvc-clinicdb,560,288,384,0.035716869212962965,2,0.028211805555555556
cvc-clinicdb,561,288,384,0.05179398148148148,2,0.03868272569444445
cvc-clinicdb,562,288,384,0.06421802662037036,2,0.04758029513888889
cvc-clinicdb,563,288,384,0.11167173032407407,1,0.11167173032407407
cvc-clinicdb,564,288,384,0.1210033275462963,1,0.1210033275462963
cvc-clinicdb,565,288,384,0.08481626157407407,2,0.06974283854166667
cvc-clinicdb,566,288,384,0.03139467592592592,2,0.023781105324074073
cvc-clinicdb,567,288,384,0.032787181712962965,2,0.025273075810185185
cvc-clinicdb,568,288,384,0.012252242476851851,2,0.007125289351851852
cvc-clinicdb,569,288,384,0.022976345486111112,2,0.017722800925925927
cvc-clinicdb,57,288,384,0.01224320023148148,1,0.01224320023148148
cvc-clinicdb,570,288,384,0.018111617476851853,2,0.012912326388888888
cvc-clinicdb,571,288,384,0.037416811342592594,2,0.028682002314814815
cvc-clinicdb,572,288,384,0.040111400462962965,1,0.040111400462962965
cvc-clinicdb,573,288,384,0.02228009259259259,1,0.02228009259259259
cvc-clinicdb,574,288,384,0.02044451678240741,1,0.02044451678240741
cvc-clinicdb,575,288,384,0.04126880787037037,1,0.041259765625
cvc-clinicdb,576,288,384,0.051079644097222224,1,0.051079644097222224
cvc-clinicdb,577,288,384,0.05040147569444445,1,0.05040147569444445
cvc-clinicdb,578,288,384,0.04993127893518518,1,0.04993127893518518
cvc-clinicdb,579,288,384,0.1170337818287037,1,0.1170337818287037
cvc-clinicdb,58,288,384,0.012125651041666666,1,0.012125651041666666
cvc-clinicdb,580,288,384,0.14145688657407407,1,0.14145688657407407
cvc-clinicdb,581,288,384,0.16736291956018517,1,0.16736291956018517
cvc-clinicdb,582,288,384,0.07878508391203703,1,0.07878508391203703
cvc-clinicdb,583,288,384,0.04638671875,1,0.04638671875
cvc-clinicdb,584,288,384,0.02783203125,1,0.02783203125
cvc-clinicdb,585,288,384,0.021855107060185185,1,0.021837022569444444
cvc-clinicdb,586,288,384,0.04014756944444445,1,0.04014756944444445
cvc-clinicdb,587,288,384,0.023139105902777776,1,0.023139105902777776
cvc-clinicdb,588,288,384,0.019748263888888888,1,0.019748263888888888
cvc-clinicdb,589,288,384,0.02215350115740741,1,0.02215350115740741
cvc-clinicdb,59,288,384,0.010443793402777778,1,0.010443793402777778
cvc-clinicdb,590,288,384,0.019413700810185185,1,0.019413700810185185
cvc-clinicdb,591,288,384,0.01774992766203704,1,0.01774992766203704
cvc-clinicdb,592,288,384,0.043384693287037035,1,0.043384693287037035
cvc-clinicdb,593,288,384,0.04089807581018518,1,0.04089807581018518
cvc-clinicdb,594,288,384,0.03977683738425926,1,0.03977683738425926
cvc-clinicdb,595,288,384,0.02546296296296296,1,0.02546296296296296
cvc-clinicdb,596,288,384,0.018997757523148147,1,0.018997757523148147
cvc-clinicdb,597,288,384,0.010073061342592593,1,0.010073061342592593
cvc-clinicdb,598,288,384,0.02341941550925926,1,0.02341941550925926
cvc-clinicdb,599,288,384,0.033365885416666664,1,0.033365885416666664
cvc-clinicdb,6,288,384,0.1840549045138889,1,0.1840549045138889
cvc-clinicdb,60,288,384,0.02472149884259259,1,0.02472149884259259
cvc-clinicdb,600,288,384,0.07429108796296297,1,0.07429108796296297
cvc-clinicdb,601,288,384,0.054027416087962965,1,0.054027416087962965
cvc-clinicdb,602,288,384,0.05727358217592592,1,0.05727358217592592
cvc-clinicdb,603,288,384,0.06803385416666667,1,0.06803385416666667
cvc-clinicdb,604,288,384,0.05947084780092592,1,0.05947084780092592
cvc-clinicdb,605,288,384,0.025526258680555556,1,0.025526258680555556
cvc-clinicdb,606,288,384,0.03161168981481482,1,0.03161168981481482
cvc-clinicdb,607,288,384,0.017677589699074073,1,0.017677589699074073
cvc-clinicdb,608,288,384,0.025245949074074073,1,0.025245949074074073
cvc-clinicdb,609,288,384,0.037027994791666664,1,0.037027994791666664
cvc-clinicdb,61,288,384,0.01979347511574074,1,0.01979347511574074
cvc-clinicdb,610,288,384,0.03855613425925926,1,0.03855613425925926
cvc-clinicdb,611,288,384,0.035970052083333336,1,0.035970052083333336
cvc-clinicdb,612,288,384,0.019314236111111112,1,0.019314236111111112
cvc-clinicdb,62,288,384,0.012577763310185185,1,0.012577763310185185
cvc-clinicdb,63,288,384,0.013536241319444444,1,0.013536241319444444
cvc-clinicdb,64,288,384,0.011402271412037037,1,0.011402271412037037
cvc-clinicdb,65,288,384,0.012369791666666666,1,0.012369791666666666
cvc-clinicdb,66,288,384,0.014476634837962963,1,0.014476634837962963
cvc-clinicdb,67,288,384,0.015507450810185185,1,0.015507450810185185
cvc-clinicdb,68,288,384,0.05957935474537037,1,0.05957935474537037
cvc-clinicdb,69,288,384,0.012270326967592593,1,0.012270326967592593
cvc-clinicdb,7,288,384,0.21147099247685186,1,0.21147099247685186
cvc-clinicdb,70,288,384,0.02756980613425926,2,0.017035590277777776
cvc-clinicdb,71,288,384,0.007893880208333334,2,0.005452473958333333
cvc-clinicdb,72,288,384,0.02589699074074074,3,0.014304832175925927
cvc-clinicdb,73,288,384,0.028184678819444444,3,0.012062355324074073
cvc-clinicdb,74,288,384,0.024811921296296297,3,0.015715422453703703
cvc-clinicdb,75,288,384,0.024567780671296297,3,0.016022858796296297
cvc-clinicdb,76,288,384,0.01727068865740741,2,0.010904947916666666
cvc-clinicdb,77,288,384,0.019404658564814815,2,0.014133029513888888
cvc-clinicdb,78,288,384,0.01758716724537037,1,0.01758716724537037
cvc-clinicdb,79,288,384,0.018364800347222224,1,0.018364800347222224
cvc-clinicdb,8,288,384,0.22429289641203703,1,0.22429289641203703
cvc-clinicdb,80,288,384,0.011664496527777778,1,0.011664496527777778
cvc-clinicdb,81,288,384,0.06690357349537036,1,0.06690357349537036
cvc-clinicdb,82,288,384,0.032778139467592594,1,0.032778139467592594
cvc-clinicdb,83,288,384,0.0729076244212963,1,0.0729076244212963
cvc-clinicdb,84,288,384,0.04747178819444445,1,0.04747178819444445
cvc-clinicdb,85,288,384,0.052734375,1,0.052734375
cvc-clinicdb,86,288,384,0.05522099247685185,1,0.05522099247685185
cvc-clinicdb,87,288,384,0.05781611689814815,1,0.05781611689814815
cvc-clinicdb,88,288,384,0.040825737847222224,1,0.04081669560185185
cvc-clinicdb,89,288,384,0.04390914351851852,1,0.04390914351851852
cvc-clinicdb,9,288,384,0.12877061631944445,1,0.12877061631944445
cvc-clinicdb,90,288,384,0.04609736689814815,1,0.04609736689814815
cvc-clinicdb,91,288,384,0.04293258101851852,1,0.04293258101851852
cvc-clinicdb,92,288,384,0.03578016493055555,1,0.03578016493055555
cvc-clinicdb,93,288,384,0.03537326388888889,1,0.03537326388888889
cvc-clinicdb,94,288,384,0.040120442708333336,1,0.040120442708333336
cvc-clinicdb,95,288,384,0.04116030092592592,1,0.04116030092592592
cvc-clinicdb,96,288,384,0.03830295138888889,1,0.03830295138888889
cvc-clinicdb,97,288,384,0.030562789351851853,1,0.030562789351851853
cvc-clinicdb,98,288,384,0.08969907407407407,1,0.08969907407407407
cvc-clinicdb,99,288,384,0.06604456018518519,1,0.06604456018518519
cvc-colondb,1,500,574,0.0050940766550522645,1,0.0050940766550522645
cvc-colondb,10,500,574,0.020989547038327526,1,0.020989547038327526
cvc-colondb,100,500,574,0.05621254355400697,1,0.05621254355400697
cvc-colondb,101,500,574,0.04123344947735191,1,0.04123344947735191
cvc-colondb,102,500,574,0.10513937282229965,1,0.10513937282229965
cvc-colondb,103,500,574,0.13268989547038326,1,0.13268989547038326
cvc-colondb,104,500,574,0.14913937282229967,1,0.14913937282229967
cvc-colondb,105,500,574,0.11834843205574913,1,0.11834843205574913
cvc-colondb,106,500,574,0.08876655052264808,1,0.08876655052264808
cvc-colondb,107,500,574,0.05855052264808362,1,0.05855052264808362
cvc-colondb,108,500,574,0.08025435540069686,1,0.08025435540069686
cvc-colondb,109,500,574,0.05210801393728223,1,0.05210801393728223
cvc-colondb,11,500,574,0.11278397212543553,1,0.11278397212543553
cvc-colondb,110,500,574,0.0710766550522648,1,0.0710766550522648
cvc-colondb,111,500,574,0.09683275261324042,1,0.09683275261324042
cvc-colondb,112,500,574,0.07178397212543554,1,0.07178397212543554
cvc-colondb,113,500,574,0.08756445993031359,1,0.08756445993031359
cvc-colondb,114,500,574,0.051317073170731704,1,0.051317073170731704
cvc-colondb,115,500,574,0.024337979094076655,1,0.024337979094076655
cvc-colondb,116,500,574,0.014020905923344948,1,0.014020905923344948
cvc-colondb,117,500,574,0.0294390243902439,1,0.0294390243902439
cvc-colondb,118,500,574,0.035198606271777004,1,0.035198606271777004
cvc-colondb,119,500,574,0.03260278745644599,1,0.03260278745644599
cvc-colondb,12,500,574,0.031073170731707317,1,0.031073170731707317
cvc-colondb,120,500,574,0.036522648083623696,1,0.036522648083623696
cvc-colondb,121,500,574,0.180993031358885,1,0.180993031358885
cvc-colondb,122,500,574,0.15633797909407665,1,0.15633797909407665
cvc-colondb,123,500,574,0.1417282229965157,1,0.1417282229965157
cvc-colondb,124,500,574,0.11517770034843205,1,0.11517770034843205
cvc-colondb,125,500,574,0.14625783972125436,1,0.14625783972125436
cvc-colondb,126,500,574,0.09744599303135888,1,0.09744599303135888
cvc-colondb,127,500,574,0.11789198606271777,1,0.11789198606271777
cvc-colondb,128,500,574,0.066,1,0.066
cvc-colondb,129,500,574,0.13298606271777003,1,0.13298606271777003
cvc-colondb,13,500,574,0.025585365853658535,1,0.025585365853658535
cvc-colondb,130,500,574,0.125006968641115,1,0.125006968641115
cvc-colondb,131,500,574,0.05311149825783972,1,0.05311149825783972
cvc-colondb,132,500,574,0.042473867595818816,1,0.042473867595818816
cvc-colondb,133,500,574,0.046898954703832756,1,0.046898954703832756
cvc-colondb,134,500,574,0.055449477351916375,1,0.055449477351916375
cvc-colondb,135,500,574,0.05556794425087108,1,0.05556794425087108
cvc-colondb,136,500,574,0.06546341463414634,1,0.06546341463414634
cvc-colondb,137,500,574,0.15112543554006969,1,0.15112543554006969
cvc-colondb,138,500,574,0.12794773519163763,1,0.12794773519163763
cvc-colondb,139,500,574,0.0815993031358885,1,0.0815993031358885
cvc-colondb,14,500,574,0.04797212543554007,1,0.04797212543554007
cvc-colondb,140,500,574,0.08009756097560976,1,0.08009756097560976
cvc-colondb,141,500,574,0.09207665505226481,1,0.09207665505226481
cvc-colondb,142,500,574,0.09125783972125436,1,0.09125783972125436
cvc-colondb,143,500,574,0.04836585365853659,1,0.04836585365853659
cvc-colondb,144,500,574,0.12218118466898954,1,0.12218118466898954
cvc-colondb,145,500,574,0.13098954703832752,1,0.13098954703832752
cvc-colondb,146,500,574,0.056926829268292685,1,0.056926829268292685
cvc-colondb,147,500,574,0.046365853658536585,1,0.046365853658536585
cvc-colondb,148,500,574,0.06482926829268293,1,0.06482926829268293
cvc-colondb,149,500,574,0.09628919860627178,1,0.09628919860627178
cvc-colondb,15,500,574,0.03489198606271777,1,0.03489198606271777
cvc-colondb,150,500,574,0.07178048780487804,1,0.07178048780487804
cvc-colondb,151,500,574,0.0508780487804878,1,0.0508780487804878
cvc-colondb,152,500,574,0.042348432055749126,1,0.042348432055749126
cvc-colondb,153,500,574,0.04618466898954704,1,0.04618466898954704
cvc-colondb,154,500,574,0.04138675958188153,1,0.04138675958188153
cvc-colondb,155,500,574,0.03480487804878049,1,0.03480487804878049
cvc-colondb,156,500,574,0.03059233449477352,1,0.03059233449477352
cvc-colondb,157,500,574,0.023226480836236935,1,0.023226480836236935
cvc-colondb,158,500,574,0.022634146341463414,1,0.022634146341463414
cvc-colondb,159,500,574,0.025076655052264807,1,0.025076655052264807
cvc-colondb,16,500,574,0.0924808362369338,1,0.0924808362369338
cvc-colondb,160,500,574,0.02132752613240418,1,0.02132752613240418
cvc-colondb,161,500,574,0.023773519163763066,1,0.023773519163763066
cvc-colondb,162,500,574,0.018627177700348434,1,0.018627177700348434
cvc-colondb,163,500,574,0.0282404181184669,1,0.0282404181184669
cvc-colondb,164,500,574,0.03362020905923345,1,0.03362020905923345
cvc-colondb,165,500,574,0.04162717770034843,1,0.04162717770034843
cvc-colondb,166,500,574,0.05264808362369338,1,0.05264808362369338
cvc-colondb,167,500,574,0.028965156794425087,1,0.028965156794425087
cvc-colondb,168,500,574,0.02535540069686411,1,0.02535540069686411
cvc-colondb,169,500,574,0.039574912891986065,1,0.039574912891986065
cvc-colondb,17,500,574,0.07243205574912892,1,0.07243205574912892
cvc-colondb,170,500,574,0.07511149825783972,1,0.07511149825783972
cvc-colondb,171,500,574,0.184198606271777,1,0.184198606271777
cvc-colondb,172,500,574,0.027613240418118468,1,0.027613240418118468
cvc-colondb,173,500,574,0.034198606271777,1,0.034198606271777
cvc-colondb,174,500,574,0.028317073170731708,1,0.028317073170731708
cvc-colondb,175,500,574,0.042233449477351914,1,0.042233449477351914
cvc-colondb,176,500,574,0.044362369337979095,1,0.044362369337979095
cvc-colondb,177,500,574,0.02694076655052265,1,0.02694076655052265
cvc-colondb,178,500,574,0.02594425087108014,1,0.02594425087108014
cvc-colondb,179,500,574,0.027853658536585366,1,0.027853658536585366
cvc-colondb,18,500,574,0.0503205574912892,1,0.0503205574912892
cvc-colondb,180,500,574,0.04770731707317073,1,0.04770731707317073
cvc-colondb,181,500,574,0.03487804878048781,1,0.03487804878048781
cvc-colondb,182,500,574,0.026815331010452963,1,0.026815331010452963
cvc-colondb,183,500,574,0.02029616724738676,1,0.02029616724738676
cvc-colondb,184,500,574,0.022536585365853658,1,0.022536585365853658
cvc-colondb,185,500,574,0.011142857142857144,1,0.011142857142857144
cvc-colondb,186,500,574,0.013585365853658537,1,0.013585365853658537
cvc-colondb,187,500,574,0.015170731707317073,1,0.015170731707317073
cvc-colondb,188,500,574,0.014344947735191637,1,0.014344947735191637
cvc-colondb,189,500,574,0.029445993031358884,1,0.029445993031358884
cvc-colondb,19,500,574,0.06275261324041811,1,0.06275261324041811
cvc-colondb,190,500,574,0.023177700348432057,1,0.023177700348432057
cvc-colondb,191,500,574,0.04010801393728223,1,0.04010801393728223
cvc-colondb,192,500,574,0.03450522648083624,1,0.03450522648083624
cvc-colondb,193,500,574,0.03838327526132404,1,0.03838327526132404
cvc-colondb,194,500,574,0.04166550522648084,1,0.04166550522648084
cvc-colondb,195,500,574,0.026407665505226482,1,0.026407665505226482
cvc-colondb,196,500,574,0.027557491289198606,1,0.027557491289198606
cvc-colondb,197,500,574,0.052909407665505226,1,0.052909407665505226
cvc-colondb,198,500,574,0.018334494773519165,1,0.018334494773519165
cvc-colondb,199,500,574,0.0272404181184669,1,0.0272404181184669
cvc-colondb,2,500,574,0.0036689895470383275,1,0.0036689895470383275
cvc-colondb,20,500,574,0.10368292682926829,1,0.10368292682926829
cvc-colondb,200,500,574,0.016275261324041813,1,0.016275261324041813
cvc-colondb,201,500,574,0.01270731707317073,1,0.01270731707317073
cvc-colondb,202,500,574,0.03479442508710801,1,0.03479442508710801
cvc-colondb,203,500,574,0.024616724738675957,1,0.024616724738675957
cvc-colondb,204,500,574,0.014533101045296168,1,0.014533101045296168
cvc-colondb,205,500,574,0.008250871080139372,1,0.008250871080139372
cvc-colondb,206,500,574,0.007644599303135888,1,0.007644599303135888
cvc-colondb,207,500,574,0.010501742160278745,1,0.010501742160278745
cvc-colondb,208,500,574,0.005466898954703833,1,0.005466898954703833
cvc-colondb,209,500,574,0.009229965156794424,1,0.009229965156794424
cvc-colondb,21,500,574,0.07310452961672474,1,0.07310452961672474
cvc-colondb,210,500,574,0.02075609756097561,1,0.02075609756097561
cvc-colondb,211,500,574,0.023449477351916378,1,0.023449477351916378
cvc-colondb,212,500,574,0.04422648083623693,1,0.04422648083623693
cvc-colondb,213,500,574,0.04066202090592334,1,0.04066202090592334
cvc-colondb,214,500,574,0.031233449477351915,1,0.031233449477351915
cvc-colondb,215,500,574,0.03289547038327526,1,0.03289547038327526
cvc-colondb,216,500,574,0.03943205574912892,1,0.03943205574912892
cvc-colondb,217,500,574,0.026606271777003483,1,0.026606271777003483
cvc-colondb,218,500,574,0.06968641114982578,1,0.06968641114982578
cvc-colondb,219,500,574,0.06106968641114983,1,0.06106968641114983
cvc-colondb,22,500,574,0.05773867595818815,1,0.05773867595818815
cvc-colondb,220,500,574,0.040334494773519164,1,0.040334494773519164
cvc-colondb,221,500,574,0.04127177700348432,1,0.04127177700348432
cvc-colondb,222,500,574,0.04207317073170732,1,0.04207317073170732
cvc-colondb,223,500,574,0.03832404181184669,1,0.03832404181184669
cvc-colondb,224,500,574,0.01818815331010453,1,0.01818815331010453
cvc-colondb,225,500,574,0.010752613240418119,1,0.010752613240418119
cvc-colondb,226,500,574,0.04217770034843205,1,0.04217770034843205
cvc-colondb,227,500,574,0.18509407665505226,1,0.18509407665505226
cvc-colondb,228,500,574,0.18993031358885018,1,0.18993031358885018
cvc-colondb,229,500,574,0.08273519163763066,1,0.08273519163763066
cvc-colondb,23,500,574,0.05238327526132404,1,0.05238327526132404
cvc-colondb,230,500,574,0.053222996515679445,1,0.053222996515679445
cvc-colondb,231,500,574,0.023829268292682927,1,0.023829268292682927
cvc-colondb,232,500,574,0.04610801393728223,1,0.04610801393728223
cvc-colondb,233,500,574,0.05224738675958188,1,0.05224738675958188
cvc-colondb,234,500,574,0.04273519163763066,1,0.04273519163763066
cvc-colondb,235,500,574,0.02642857142857143,1,0.02642857142857143
cvc-colondb,236,500,574,0.0695191637630662,1,0.0695191637630662
cvc-colondb,237,500,574,0.11727874564459931,1,0.11727874564459931
cvc-colondb,238,500,574,0.10398606271777003,1,0.10398606271777003
cvc-colondb,239,500,574,0.072,1,0.072
cvc-colondb,24,500,574,0.08335191637630662,1,0.08335191637630662
cvc-colondb,240,500,574,0.05409059233449477,1,0.05409059233449477
cvc-colondb,241,500,574,0.037993031358885015,1,0.037993031358885015
cvc-colondb,242,500,574,0.03423693379790941,1,0.03423693379790941
cvc-colondb,243,500,574,0.027449477351916378,1,0.027449477351916378
cvc-colondb,244,500,574,0.02751219512195122,1,0.02751219512195122
cvc-colondb,245,500,574,0.03423693379790941,1,0.03423693379790941
cvc-colondb,246,500,574,0.027449477351916378,1,0.027449477351916378
cvc-colondb,247,500,574,0.02751219512195122,1,0.02751219512195122
cvc-colondb,248,500,574,0.03423693379790941,1,0.03423693379790941
cvc-colondb,249,500,574,0.027449477351916378,1,0.027449477351916378
cvc-colondb,25,500,574,0.032170731707317074,1,0.032170731707317074
cvc-colondb,250,500,574,0.02751219512195122,1,0.02751219512195122
cvc-colondb,251,500,574,0.03423693379790941,1,0.03423693379790941
cvc-colondb,252,500,574,0.027449477351916378,1,0.027449477351916378
cvc-colondb,253,500,574,0.02751219512195122,1,0.02751219512195122
cvc-colondb,254,500,574,0.03423693379790941,1,0.03423693379790941
cvc-colondb,255,500,574,0.027449477351916378,1,0.027449477351916378
cvc-colondb,256,500,574,0.02751219512195122,1,0.02751219512195122
cvc-colondb,257,500,574,0.03423693379790941,1,0.03423693379790941
cvc-colondb,258,500,574,0.027449477351916378,1,0.027449477351916378
cvc-colondb,259,500,574,0.02751219512195122,1,0.02751219512195122
cvc-colondb,26,500,574,0.02105574912891986,1,0.02105574912891986
cvc-colondb,260,500,574,0.03423693379790941,1,0.03423693379790941
cvc-colondb,261,500,574,0.027449477351916378,1,0.027449477351916378
cvc-colondb,262,500,574,0.02751219512195122,1,0.02751219512195122
cvc-colondb,263,500,574,0.03423693379790941,1,0.03423693379790941
cvc-colondb,264,500,574,0.014090592334494773,1,0.014090592334494773
cvc-colondb,265,500,574,0.013818815331010453,1,0.013818815331010453
cvc-colondb,266,500,574,0.03661324041811847,1,0.03661324041811847
cvc-colondb,267,500,574,0.008571428571428572,1,0.008571428571428572
cvc-colondb,268,500,574,0.009951219512195122,1,0.009951219512195122
cvc-colondb,269,500,574,0.01726829268292683,1,0.01726829268292683
cvc-colondb,27,500,574,0.019557491289198606,1,0.019557491289198606
cvc-colondb,270,500,574,0.05750522648083624,1,0.05750522648083624
cvc-colondb,271,500,574,0.014090592334494773,1,0.014090592334494773
cvc-colondb,272,500,574,0.013818815331010453,1,0.013818815331010453
cvc-colondb,273,500,574,0.019519163763066203,1,0.019519163763066203
cvc-colondb,274,500,574,0.0832822299651568,1,0.0832822299651568
cvc-colondb,275,500,574,0.09361324041811847,1,0.09361324041811847
cvc-colondb,276,500,574,0.12322996515679442,1,0.12322996515679442
cvc-colondb,277,500,574,0.07992334494773519,1,0.07992334494773519
cvc-colondb,278,500,574,0.0509198606271777,1,0.0509198606271777
cvc-colondb,279,500,574,0.06713588850174217,1,0.06713588850174217
cvc-colondb,28,500,574,0.09950871080139373,1,0.09950871080139373
cvc-colondb,280,500,574,0.05695818815331011,1,0.05695818815331011
cvc-colondb,281,500,574,0.052735191637630664,1,0.052735191637630664
cvc-colondb,282,500,574,0.032508710801393725,1,0.032508710801393725
cvc-colondb,283,500,574,0.031470383275261325,1,0.031470383275261325
cvc-colondb,284,500,574,0.062087108013937284,1,0.062087108013937284
cvc-colondb,285,500,574,0.07836236933797909,1,0.07836236933797909
cvc-colondb,286,500,574,0.11997560975609756,1,0.11997560975609756
cvc-colondb,287,500,574,0.09287108013937283,1,0.09287108013937283
cvc-colondb,288,500,574,0.10163414634146341,1,0.10163414634146341
cvc-colondb,289,500,574,0.11090592334494774,1,0.11090592334494774
cvc-colondb,29,500,574,0.08495121951219513,1,0.08495121951219513
cvc-colondb,290,500,574,0.07298954703832752,1,0.07298954703832752
cvc-colondb,291,500,574,0.0723623693379791,1,0.0723623693379791
cvc-colondb,292,500,574,0.04949128919860627,1,0.04949128919860627
cvc-colondb,293,500,574,0.07152961672473868,1,0.07152961672473868
cvc-colondb,294,500,574,0.0832822299651568,1,0.0832822299651568
cvc-colondb,295,500,574,0.09361324041811847,1,0.09361324041811847
cvc-colondb,296,500,574,0.12322996515679442,1,0.12322996515679442
cvc-colondb,297,500,574,0.07992334494773519,1,0.07992334494773519
cvc-colondb,298,500,574,0.0509198606271777,1,0.0509198606271777
cvc-colondb,299,500,574,0.06713588850174217,1,0.06713588850174217
cvc-colondb,3,500,574,0.050860627177700346,1,0.050860627177700346
cvc-colondb,30,500,574,0.03470034843205575,1,0.03470034843205575
cvc-colondb,300,500,574,0.05695818815331011,1,0.05695818815331011
cvc-colondb,301,500,574,0.32186062717770036,1,0.32186062717770036
cvc-colondb,302,500,574,0.5285783972125435,1,0.5285783972125435
cvc-colondb,303,500,574,0.5229372822299652,1,0.5229372822299652
cvc-colondb,304,500,574,0.49446341463414634,1,0.49446341463414634
cvc-colondb,305,500,574,0.47794076655052264,1,0.47794076655052264
cvc-colondb,306,500,574,0.40061672473867593,1,0.4005191637630662
cvc-colondb,307,500,574,0.2875644599303136,1,0.2875644599303136
cvc-colondb,308,500,574,0.3905226480836237,1,0.3905226480836237
cvc-colondb,309,500,574,0.2295923344947735,1,0.2295923344947735
cvc-colondb,31,500,574,0.04426132404181184,1,0.04426132404181184
cvc-colondb,310,500,574,0.6315261324041812,1,0.6315261324041812
cvc-colondb,311,500,574,0.4034738675958188,1,0.4034738675958188
cvc-colondb,312,500,574,0.39001045296167247,1,0.39001045296167247
cvc-colondb,313,500,574,0.2982961672473868,1,0.2982961672473868
cvc-colondb,314,500,574,0.3290278745644599,1,0.3290278745644599
cvc-colondb,315,500,574,0.24845296167247385,1,0.24845296167247385
cvc-colondb,316,500,574,0.18005923344947736,1,0.18005923344947736
cvc-colondb,317,500,574,0.31349128919860625,1,0.31349128919860625
cvc-colondb,318,500,574,0.383198606271777,1,0.383191637630662
cvc-colondb,319,500,574,0.307808362369338,1,0.307808362369338
cvc-colondb,32,500,574,0.09156794425087109,1,0.09156794425087109
cvc-colondb,320,500,574,0.2898745644599303,1,0.2898745644599303
cvc-colondb,321,500,574,0.2905644599303136,1,0.2905644599303136
cvc-colondb,322,500,574,0.4703344947735192,1,0.4703344947735192
cvc-colondb,323,500,574,0.27501742160278747,1,0.27501742160278747
cvc-colondb,324,500,574,0.13676655052264808,1,0.13676655052264808
cvc-colondb,325,500,574,0.1798745644599303,1,0.1798745644599303
cvc-colondb,326,500,574,0.15496864111498257,1,0.15496864111498257
cvc-colondb,327,500,574,0.1483205574912892,1,0.1483205574912892
cvc-colondb,328,500,574,0.22105923344947734,1,0.22105923344947734
cvc-colondb,329,500,574,0.19092682926829269,1,0.19092682926829269
cvc-colondb,33,500,574,0.050313588850174215,1,0.050313588850174215
cvc-colondb,330,500,574,0.3555853658536585,1,0.3555853658536585
cvc-colondb,331,500,574,0.2816794425087108,1,0.2816794425087108
cvc-colondb,332,500,574,0.42105574912891985,1,0.42105574912891985
cvc-colondb,333,500,574,0.2257177700348432,1,0.2257177700348432
cvc-colondb,334,500,574,0.23426829268292684,1,0.23426829268292684
cvc-colondb,335,500,574,0.3745679442508711,1,0.3745679442508711
cvc-colondb,336,500,574,0.36867247386759583,1,0.36867247386759583
cvc-colondb,337,500,574,0.3839059233449477,1,0.3839059233449477
cvc-colondb,338,500,574,0.3703240418118467,1,0.3703240418118467
cvc-colondb,339,500,574,0.33561672473867593,1,0.33561672473867593
cvc-colondb,34,500,574,0.06473519163763067,1,0.06473519163763067
cvc-colondb,340,500,574,0.2757142857142857,1,0.2756864111498258
cvc-colondb,341,500,574,0.00435191637630662,1,0.00435191637630662
cvc-colondb,342,500,574,0.0029825783972125437,1,0.0029825783972125437
cvc-colondb,343,500,574,0.012557491289198607,1,0.012557491289198607
cvc-colondb,344,500,574,0.010606271777003485,1,0.010606271777003485
cvc-colondb,345,500,574,0.007996515679442508,1,0.007996515679442508
cvc-colondb,346,500,574,0.020013937282229964,1,0.020013937282229964
cvc-colondb,347,500,574,0.02386062717770035,1,0.02386062717770035
cvc-colondb,348,500,574,0.0184006968641115,1,0.0184006968641115
cvc-colondb,349,500,574,0.014501742160278745,1,0.014501742160278745
cvc-colondb,35,500,574,0.08788850174216029,1,0.08788850174216029
cvc-colondb,350,500,574,0.015289198606271776,1,0.015289198606271776
cvc-colondb,351,500,574,0.008466898954703832,1,0.008466898954703832
cvc-colondb,352,500,574,0.008156794425087108,1,0.008156794425087108
cvc-colondb,353,500,574,0.006404181184668989,1,0.006404181184668989
cvc-colondb,354,500,574,0.006240418118466899,1,0.006240418118466899
cvc-colondb,355,500,574,0.004857142857142857,1,0.004857142857142857
cvc-colondb,356,500,574,0.004637630662020906,1,0.004637630662020906
cvc-colondb,357,500,574,0.004334494773519164,1,0.004334494773519164
cvc-colondb,358,500,574,0.003996515679442508,1,0.003996515679442508
cvc-colondb,359,500,574,0.004149825783972125,1,0.004149825783972125
cvc-colondb,36,500,574,0.06694425087108014,1,0.06694425087108014
cvc-colondb,360,500,574,0.003996515679442508,1,0.003996515679442508
cvc-colondb,361,500,574,0.03402439024390244,1,0.03402439024390244
cvc-colondb,362,500,574,0.025773519163763067,1,0.025773519163763067
cvc-colondb,363,500,574,0.018101045296167247,1,0.018101045296167247
cvc-colondb,364,500,574,0.012529616724738676,1,0.012529616724738676
cvc-colondb,365,500,574,0.011951219512195122,1,0.011951219512195122
cvc-colondb,366,500,574,0.011425087108013937,1,0.011425087108013937
cvc-colondb,367,500,574,0.011930313588850175,1,0.011930313588850175
cvc-colondb,368,500,574,0.010184668989547039,1,0.010184668989547039
cvc-colondb,369,500,574,0.008494773519163763,1,0.008494773519163763
cvc-colondb,37,500,574,0.05703484320557491,1,0.05703484320557491
cvc-colondb,370,500,574,0.007888501742160279,1,0.007888501742160279
cvc-colondb,371,500,574,0.006038327526132405,1,0.006038327526132405
cvc-colondb,372,500,574,0.00626829268292683,1,0.00626829268292683
cvc-colondb,373,500,574,0.006860627177700349,1,0.006860627177700349
cvc-colondb,374,500,574,0.007191637630662021,1,0.007191637630662021
cvc-colondb,375,500,574,0.007163763066202091,1,0.007163763066202091
cvc-colondb,376,500,574,0.00789198606271777,1,0.00789198606271777
cvc-colondb,377,500,574,0.008818815331010452,1,0.008818815331010452
cvc-colondb,378,500,574,0.008069686411149826,1,0.008069686411149826
cvc-colondb,379,500,574,0.006930313588850174,1,0.006930313588850174
cvc-colondb,38,500,574,0.07873519163763067,1,0.07873519163763067
cvc-colondb,380,500,574,0.007264808362369338,1,0.007264808362369338
cvc-colondb,39,500,574,0.013449477351916376,1,0.013449477351916376
cvc-colondb,4,500,574,0.034184668989547036,1,0.034184668989547036
cvc-colondb,40,500,574,0.030289198606271776,1,0.030289198606271776
cvc-colondb,41,500,574,0.02620905923344948,1,0.02620905923344948
cvc-colondb,42,500,574,0.018797909407665504,1,0.018797909407665504
cvc-colondb,43,500,574,0.025564459930313588,1,0.025564459930313588
cvc-colondb,44,500,574,0.010554006968641115,1,0.010554006968641115
cvc-colondb,45,500,574,0.03583275261324042,1,0.03583275261324042
cvc-colondb,46,500,574,0.022264808362369336,1,0.022264808362369336
cvc-colondb,47,500,574,0.0175609756097561,1,0.0175609756097561
cvc-colondb,48,500,574,0.02454355400696864,1,0.02454355400696864
cvc-colondb,49,500,574,0.039843205574912895,1,0.039843205574912895
cvc-colondb,5,500,574,0.027013937282229967,1,0.027013937282229967
cvc-colondb,50,500,574,0.00886411149825784,1,0.00886411149825784
cvc-colondb,51,500,574,0.008195121951219513,1,0.008195121951219513
cvc-colondb,52,500,574,0.020627177700348432,1,0.020627177700348432
cvc-colondb,53,500,574,0.014101045296167247,1,0.014101045296167247
cvc-colondb,54,500,574,0.015665505226480837,1,0.015665505226480837
cvc-colondb,55,500,574,0.011310104529616725,1,0.011310104529616725
cvc-colondb,56,500,574,0.010125435540069687,1,0.010125435540069687
cvc-colondb,57,500,574,0.033101045296167246,1,0.033101045296167246
cvc-colondb,58,500,574,0.03974912891986063,1,0.03974912891986063
cvc-colondb,59,500,574,0.03111498257839721,1,0.03111498257839721
cvc-colondb,6,500,574,0.019247386759581882,1,0.019247386759581882
cvc-colondb,60,500,574,0.01778397212543554,1,0.01778397212543554
cvc-colondb,61,500,574,0.03974912891986063,1,0.03974912891986063
cvc-colondb,62,500,574,0.14974564459930315,1,0.14974564459930315
cvc-colondb,63,500,574,0.1282299651567944,1,0.1282299651567944
cvc-colondb,64,500,574,0.11404529616724739,1,0.11404529616724739
cvc-colondb,65,500,574,0.10362020905923346,1,0.10362020905923346
cvc-colondb,66,500,574,0.07197560975609756,1,0.07197560975609756
cvc-colondb,67,500,574,0.06082578397212544,1,0.06082578397212544
cvc-colondb,68,500,574,0.04882578397212543,1,0.04882578397212543
cvc-colondb,69,500,574,0.030477351916376308,1,0.030477351916376308
cvc-colondb,7,500,574,0.020020905923344948,1,0.020020905923344948
cvc-colondb,70,500,574,0.01657142857142857,1,0.01657142857142857
cvc-colondb,71,500,574,0.01845993031358885,1,0.01845993031358885
cvc-colondb,72,500,574,0.09602439024390244,1,0.09602439024390244
cvc-colondb,73,500,574,0.05291289198606272,1,0.05291289198606272
cvc-colondb,74,500,574,0.015696864111498256,1,0.015696864111498256
cvc-colondb,75,500,574,0.08815679442508711,1,0.08815679442508711
cvc-colondb,76,500,574,0.07051219512195121,1,0.07051219512195121
cvc-colondb,77,500,574,0.02361672473867596,1,0.02361672473867596
cvc-colondb,78,500,574,0.027735191637630663,1,0.027735191637630663
cvc-colondb,79,500,574,0.01649477351916376,1,0.01649477351916376
cvc-colondb,8,500,574,0.020219512195121952,1,0.020219512195121952
cvc-colondb,80,500,574,0.010118466898954704,1,0.010118466898954704
cvc-colondb,81,500,574,0.01021602787456446,1,0.01021602787456446
cvc-colondb,82,500,574,0.010801393728222997,1,0.010801393728222997
cvc-colondb,83,500,574,0.007038327526132405,1,0.007038327526132405
cvc-colondb,84,500,574,0.010400696864111499,1,0.010400696864111499
cvc-colondb,85,500,574,0.009114982578397213,1,0.009114982578397213
cvc-colondb,86,500,574,0.009372822299651569,1,0.009372822299651569
cvc-colondb,87,500,574,0.008473867595818816,1,0.008473867595818816
cvc-colondb,88,500,574,0.007020905923344947,1,0.007020905923344947
cvc-colondb,89,500,574,0.005832752613240418,1,0.005832752613240418
cvc-colondb,9,500,574,0.021585365853658535,1,0.021585365853658535
cvc-colondb,90,500,574,0.00867595818815331,1,0.00867595818815331
cvc-colondb,91,500,574,0.005059233449477352,1,0.005059233449477352
cvc-colondb,92,500,574,0.006104529616724739,1,0.006104529616724739
cvc-colondb,93,500,574,0.018372822299651568,1,0.018372822299651568
cvc-colondb,94,500,574,0.00943554006968641,1,0.00943554006968641
cvc-colondb,95,500,574,0.01900348432055749,1,0.01900348432055749
cvc-colondb,96,500,574,0.0242404181184669,1,0.0242404181184669
cvc-colondb,97,500,574,0.01964459930313589,1,0.01964459930313589
cvc-colondb,98,500,574,0.046365853658536585,1,0.046365853658536585
cvc-colondb,99,500,574,0.06482926829268293,1,0.06482926829268293
etis-larib,1,966,1225,0.0088815650483796,1,0.0088815650483796
etis-larib,10,966,1225,0.008703257700595766,1,0.008703257700595766
etis-larib,100,966,1225,0.01865128660159716,1,0.01865128660159716
etis-larib,101,966,1225,0.015391050830269997,1,0.015391050830269997
etis-larib,102,966,1225,0.014508809735074154,1,0.014508809735074154
etis-larib,103,966,1225,0.01808678751003507,1,0.01808678751003507
etis-larib,104,966,1225,0.014997253559809017,1,0.014997253559809017
etis-larib,105,966,1225,0.07957409050576753,1,0.07957409050576753
etis-larib,106,966,1225,0.08028816495542317,1,0.08028816495542317
etis-larib,107,966,1225,0.07804199940845903,1,0.07804199940845903
etis-larib,108,966,1225,0.07994507119618034,1,0.07994507119618034
etis-larib,109,966,1225,0.07848565513161787,1,0.07848565513161787
etis-larib,11,966,1225,0.005450627455951325,1,0.005450627455951325
etis-larib,110,966,1225,0.02707144969789158,1,0.02707144969789158
etis-larib,111,966,1225,0.03223391219841974,1,0.03223391219841974
etis-larib,112,966,1225,0.015911606878776356,1,0.015911606878776356
etis-larib,113,966,1225,0.16197912705454853,1,0.16197912705454853
etis-larib,114,966,1225,0.17236320615202602,1,0.17236320615202602
etis-larib,115,966,1225,0.16515908226644696,1,0.16515908226644696
etis-larib,116,966,1225,0.23211222377149618,1,0.23211222377149618
etis-larib,117,966,1225,0.16443909240714918,1,0.16443909240714918
etis-larib,118,966,1225,0.15616765961042803,1,0.15616765961042803
etis-larib,119,966,1225,0.1833641779693244,1,0.1833641779693244
etis-larib,12,966,1225,0.008812270249714793,1,0.008812270249714793
etis-larib,120,966,1225,0.1996653568259602,1,0.1996653568259602
etis-larib,121,966,1225,0.010857311868846918,1,0.010857311868846918
etis-larib,122,966,1225,0.009221278573541217,1,0.009221278573541217
etis-larib,123,966,1225,0.006004140786749482,1,0.006004140786749482
etis-larib,124,966,1225,0.09843579667892001,1,0.09843579667892001
etis-larib,125,966,1225,0.09795157814678666,1,0.09795157814678666
etis-larib,126,966,1225,0.012129124941902226,1,0.012129124941902226
etis-larib,127,966,1225,0.010073942620526471,1,0.010073942620526471
etis-larib,128,966,1225,0.007085815692736722,1,0.007085815692736722
etis-larib,129,966,1225,0.007338488190307179,1,0.007338488190307179
etis-larib,13,966,1225,0.07836988211433642,1,0.07836988211433642
etis-larib,130,966,1225,0.009410571682088986,1,0.009410571682088986
etis-larib,131,966,1225,0.009643807833692484,1,0.009643807833692484
etis-larib,132,966,1225,0.007263277982000253,1,0.007263277982000253
etis-larib,133,966,1225,0.024883593188828327,1,0.024883593188828327
etis-larib,134,966,1225,0.019655216123716568,1,0.019655216123716568
etis-larib,135,966,1225,0.007788904381628428,1,0.007788904381628428
etis-larib,136,966,1225,0.034839227616512446,1,0.034839227616512446
etis-larib,137,966,1225,0.020087886086111464,1,0.020087886086111464
etis-larib,138,966,1225,0.00913508260447036,1,0.00913508260447036
etis-larib,139,966,1225,0.013831917860311826,1,0.013831917860311826
etis-larib,14,966,1225,0.08962859678032704,1,0.08962859678032704
etis-larib,140,966,1225,0.009915071618709595,1,0.009915071618709595
etis-larib,141,966,1225,0.007513415304009802,1,0.007513415304009802
etis-larib,142,966,1225,0.012949676765115985,1,0.012949676765115985
etis-larib,143,966,1225,0.01569611695609921,1,0.01569611695609921
etis-larib,144,966,1225,0.013232771369417333,1,0.013232771369417333
etis-larib,145,966,1225,0.01770566611737863,1,0.01770566611737863
etis-larib,146,966,1225,0.007898761989267757,1,0.007898761989267757
etis-larib,147,966,1225,0.0161600540837453,1,0.0161600540837453
etis-larib,148,966,1225,0.017730172814467402,1,0.017730172814467402
etis-larib,149,966,1225,0.01179955211898424,1,0.01179955211898424
etis-larib,15,966,1225,0.09774791904339375,1,0.09774791904339375
etis-larib,150,966,1225,0.0420374360924494,1,0.0420374360924494
etis-larib,151,966,1225,0.010091688849452824,1,0.010091688849452824
etis-larib,152,966,1225,0.011596738074111632,1,0.011596738074111632
etis-larib,153,966,1225,0.020622808129462964,1,0.020622808129462964
etis-larib,154,966,1225,0.009401276038365656,1,0.009401276038365656
etis-larib,155,966,1225,0.01630117885663582,1,0.01630117885663582
etis-larib,156,966,1225,0.007956225968648329,1,0.007956225968648329
etis-larib,157,966,1225,0.009850847171166603,1,0.009850847171166603
etis-larib,158,966,1225,0.011622089829720707,1,0.011622089829720707
etis-larib,159,966,1225,0.05131026323572908,1,0.05131026323572908
etis-larib,16,966,1225,0.09369670849706342,1,0.09369670849706342
etis-larib,160,966,1225,0.0489829720708159,1,0.0489829720708159
etis-larib,161,966,1225,0.03473359530147463,1,0.03473359530147463
etis-larib,162,966,1225,0.051938986774834155,1,0.051938986774834155
etis-larib,163,966,1225,0.05179110153378121,1,0.05179110153378121
etis-larib,164,966,1225,0.04153124603878819,1,0.04153124603878819
etis-larib,165,966,1225,0.012867706088646638,1,0.012867706088646638
etis-larib,166,966,1225,0.02331854480922804,1,0.02331854480922804
etis-larib,167,966,1225,0.025212320953226012,1,0.025212320953226012
etis-larib,168,966,1225,0.013690793087421304,1,0.013690793087421304
etis-larib,169,966,1225,0.006197659187898762,1,0.006197659187898762
etis-larib,17,966,1225,0.08257573836988212,1,0.08257573836988212
etis-larib,170,966,1225,0.0054886550893649385,1,0.0054886550893649385
etis-larib,171,966,1225,0.09717834960070985,1,0.09717834960070985
etis-larib,172,966,1225,0.12635314995563443,1,0.12635314995563443
etis-larib,173,966,1225,0.15357417501161955,1,0.15357417501161955
etis-larib,174,966,1225,0.07842227574259518,1,0.07842227574259518
etis-larib,175,966,1225,0.11907128068618753,1,0.11907128068618753
etis-larib,176,966,1225,0.12124054590780411,1,0.12124054590780411
etis-larib,177,966,1225,0.2461080829847467,1,0.2461080829847467
etis-larib,178,966,1225,0.1988929733384037,1,0.1988929733384037
etis-larib,179,966,1225,0.25794228250306334,1,0.25794228250306334
etis-larib,18,966,1225,0.06576921451810538,1,0.06576921451810538
etis-larib,180,966,1225,0.2336865677948198,1,0.2336865677948198
etis-larib,181,966,1225,0.2838399459162547,1,0.2838399459162547
etis-larib,182,966,1225,0.2905437951578147,1,0.2905437951578147
etis-larib,183,966,1225,0.01993070520133519,1,0.01993070520133519
etis-larib,184,966,1225,0.022760806185828368,1,0.022760806185828368
etis-larib,185,966,1225,0.020741116322305318,1,0.020741116322305318
etis-larib,186,966,1225,0.019853804875987664,1,0.019853804875987664
etis-larib,187,966,1225,0.019214095576118646,1,0.019214095576118646
etis-larib,188,966,1225,0.021759411839269868,1,0.021759411839269868
etis-larib,189,966,1225,0.025329784087548064,1,0.025329784087548064
etis-larib,19,966,1225,0.022093209954789368,1,0.022093209954789368
etis-larib,190,966,1225,0.04112223771496176,1,0.04112223771496176
etis-larib,191,966,1225,0.0010622385600202813,1,0.0010622385600202813
etis-larib,192,966,1225,0.001338572696159209,1,0.001338572696159209
etis-larib,193,966,1225,0.0011213926564414586,1,0.0011213926564414586
etis-larib,194,966,1225,0.001965606118223687,1,0.001965606118223687
etis-larib,195,966,1225,0.001131533358685089,1,0.001131533358685089
etis-larib,196,966,1225,0.0013419529302404192,1,0.0013419529302404192
etis-larib,2,966,1225,0.008939874086280475,1,0.008939874086280475
etis-larib,20,966,1225,0.01535555837241729,1,0.01535555837241729
etis-larib,21,966,1225,0.04178476359487895,1,0.04178476359487895
etis-larib,22,966,1225,0.016366248362699117,1,0.016366248362699117
etis-larib,23,966,1225,0.004203321079984789,1,0.004203321079984789
etis-larib,24,966,1225,0.003973465162462501,1,0.003973465162462501
etis-larib,25,966,1225,0.04310981535471332,1,0.04310981535471332
etis-larib,26,966,1225,0.0415016689905776,1,0.0415016689905776
etis-larib,27,966,1225,0.04359825917944818,1,0.04359825917944818
etis-larib,28,966,1225,0.04622132082646723,1,0.04622132082646723
etis-larib,29,966,1225,0.04155406261883635,1,0.04155406261883635
etis-larib,3,966,1225,0.008234250221827862,1,0.008234250221827862
etis-larib,30,966,1225,0.04114251911944902,1,0.04114251911944902
etis-larib,31,966,1225,0.03311530823509528,1,0.03311530823509528
etis-larib,32,966,1225,0.06900663370938437,1,0.06900663370938437
etis-larib,33,966,1225,0.06320192673342628,1,0.06320192673342628
etis-larib,34,966,1225,0.08579034098111295,1,0.08579034098111295
etis-larib,35,966,1225,0.043981070689145224,1,0.043981070689145224
etis-larib,36,966,1225,0.009490852241517725,1,0.009490852241517725
etis-larib,37,966,1225,0.018590442388135377,1,0.018590442388135377
etis-larib,38,966,1225,0.01783665018802552,1,0.01783665018802552
etis-larib,39,966,1225,0.018508471711666034,1,0.018508471711666034
etis-larib,4,966,1225,0.008524950352811932,1,0.008524950352811932
etis-larib,40,966,1225,0.03625132040393797,1,0.03625132040393797
etis-larib,41,966,1225,0.041627582710102674,1,0.041627582710102674
etis-larib,42,966,1225,0.016479486204419656,1,0.016479486204419656
etis-larib,43,966,1225,0.06386783284742469,3,0.03692483204461909
etis-larib,44,966,1225,0.05533527696793003,3,0.02840072675032746
etis-larib,45,966,1225,0.05053449951409135,3,0.024682469260996324
etis-larib,46,966,1225,0.05027675666539908,3,0.028168335657244265
etis-larib,47,966,1225,0.042895170490556474,3,0.02361516034985423
etis-larib,48,966,1225,0.05731440402247856,3,0.02983056576667934
etis-larib,49,966,1225,0.020201968986352306,1,0.020201968986352306
etis-larib,5,966,1225,0.007408628047492289,1,0.007408628047492289
etis-larib,50,966,1225,0.019620568724384165,1,0.019620568724384165
etis-larib,51,966,1225,0.019551273925719356,1,0.019551273925719356
etis-larib,52,966,1225,0.12596273291925467,1,0.12596273291925467
etis-larib,53,966,1225,0.007542992352220391,1,0.007542992352220391
etis-larib,54,966,1225,0.014381205898508472,1,0.014381205898508472
etis-larib,55,966,1225,0.021581104491486036,1,0.021581104491486036
etis-larib,56,966,1225,0.020522246165546962,1,0.020522246165546962
etis-larib,57,966,1225,0.007777073562344193,1,0.007777073562344193
etis-larib,58,966,1225,0.00745257109054802,1,0.00745257109054802
etis-larib,59,966,1225,0.041276883424177124,1,0.041276883424177124
etis-larib,6,966,1225,0.008623822199687329,1,0.008623822199687329
etis-larib,60,966,1225,0.003234038957197786,1,0.003234038957197786
etis-larib,61,966,1225,0.04733088266362446,1,0.04733088266362446
etis-larib,62,966,1225,0.04171377867917353,1,0.04171377867917353
etis-larib,63,966,1225,0.1669480711539274,1,0.1669480711539274
etis-larib,64,966,1225,0.15915071618709595,1,0.15915071618709595
etis-larib,65,966,1225,0.039017196940888156,1,0.039017196940888156
etis-larib,66,966,1225,0.17544344445852875,1,0.17544344445852875
etis-larib,67,966,1225,0.03623103899945071,1,0.03623103899945071
etis-larib,68,966,1225,0.01728229179870706,1,0.01728229179870706
etis-larib,69,966,1225,0.004329234799509866,1,0.004329234799509866
etis-larib,7,966,1225,0.008252841509274517,1,0.008252841509274517
etis-larib,70,966,1225,0.0023526429205222464,1,0.0023526429205222464
etis-larib,71,966,1225,0.006661596315544851,1,0.006661596315544851
etis-larib,72,966,1225,0.004973169391980395,1,0.004973169391980395
etis-larib,73,966,1225,0.0030726327798200025,1,0.0030726327798200025
etis-larib,74,966,1225,0.005779355220349009,1,0.005779355220349009
etis-larib,75,966,1225,0.007415388515654709,1,0.007415388515654709
etis-larib,76,966,1225,0.004472894747961296,1,0.004472894747961296
etis-larib,77,966,1225,0.003720792664892044,1,0.003720792664892044
etis-larib,78,966,1225,0.0025013732200954916,1,0.0025013732200954916
etis-larib,79,966,1225,0.003076858072421515,1,0.003076858072421515
etis-larib,8,966,1225,0.009028605230912241,1,0.009028605230912241
etis-larib,80,966,1225,0.009945493725440487,1,0.009945493725440487
etis-larib,81,966,1225,0.0881134068534246,1,0.0881134068534246
etis-larib,82,966,1225,0.02904212616723708,1,0.02904212616723708
etis-larib,83,966,1225,0.06914691342375459,1,0.06914691342375459
etis-larib,84,966,1225,0.08095914142054338,1,0.08095914142054338
etis-larib,85,966,1225,0.0572637005112604,1,0.0572637005112604
etis-larib,86,966,1225,0.02943169814509655,1,0.02943169814509655
etis-larib,87,966,1225,0.06975873579245363,1,0.06975873579245363
etis-larib,88,966,1225,0.05263108970296193,1,0.05263108970296193
etis-larib,89,966,1225,0.0033109392825453163,1,0.0033109392825453163
etis-larib,9,966,1225,0.005787805805552035,1,0.005787805805552035
etis-larib,90,966,1225,0.005026408078759454,1,0.005026408078759454
etis-larib,91,966,1225,0.05800650695060633,1,0.05800650695060633
etis-larib,92,966,1225,0.034627117927916506,1,0.034627117927916506
etis-larib,93,966,1225,0.009750285207250601,1,0.009750285207250601
etis-larib,94,966,1225,0.007329192546583851,1,0.007329192546583851
etis-larib,95,966,1225,0.005572315882874889,1,0.005572315882874889
etis-larib,96,966,1225,0.0051480965056830185,1,0.0051480965056830185
etis-larib,97,966,1225,0.006508640723370093,1,0.006508640723370093
etis-larib,98,966,1225,0.008291714201208434,1,0.008291714201208434
etis-larib,99,966,1225,0.018594667680736893,1,0.018594667680736893
