dice,iou,precision,recall,boundary_f1,boundary_f1_2px,tolerance_px,hd95,hd95_pct_diag,n_lesions,n_pred_components,detected_iou025,det_rate_iou025,detected_iou05,det_rate_iou05,n_false_positives,name,dataset,model,checkpoint,tta
0.9018782623211367,0.8212916941499282,0.9502760549951058,0.8581713831842944,0.2568015917569381,0.07978984011183585,9,132.90974381135493,7.72260817715296,1,1,1,1.0,1,1.0,0,cju0qoxqj9q6s0835b43399p4,kvasir-seg,segformer_b2,polypseg/runs_repeat2/segformer_b2_seed42_fold0fixD1/best.pth,False
0.8571092855970772,0.7499485950805493,0.9183635487816185,0.8035153256697284,0.3396498676584623,0.24906983630115337,4,77.55123514707083,9.524261257263895,1,1,1,1.0,1,1.0,0,cju0qx73cjw570799j4n5cjze,kvasir-seg,segformer_b2,polypseg/runs_repeat2/segformer_b2_seed42_fold0fixD1/best.pth,False
0.8424318820885232,0.7277600938150118,0.9903111820301475,0.7329789926569941,0.44309304079296324,0.33812636800869517,4,64.94458914219518,7.997319815522619,1,1,1,1.0,1,1.0,0,cju0rx1idathl0835detmsp84,kvasir-seg,segformer_b2,polypseg/runs_repeat2/segformer_b2_seed42_fold0fixD1/best.pth,False
0.3953938775197871,0.2464117966274698,0.2464117966274698,0.9999999999924057,0.2627736790239297,0.14624592595452077,4,293.35956945006245,37.65786076526626,1,1,0,0.0,0,0.0,1,cju0sxqiclckk08551ycbwhno,kvasir-seg,segformer_b2,polypseg/runs_repeat2/segformer_b2_seed42_fold0fixD1/best.pth,False
0.9782453794518776,0.9574171330168253,0.9644250949638662,0.9924675139217188,0.7051636318573855,0.41632656226203685,4,22.885489488193794,2.8005427157083727,1,1,1,1.0,1,1.0,0,cju0t4oil7vzk099370nun5h9,kvasir-seg,segformer_b2,polypseg/runs_repeat2/segformer_b2_seed42_fold0fixD1/best.pth,False
0.9721719852978917,0.9458508343729596,0.955006772948885,0.9899655436850002,0.6547991114101175,0.46612488334952995,4,12.083045973594572,1.4614115722905883,1,1,1,1.0,1,1.0,0,cju15czxqp3lv0835jvhgzurz,kvasir-seg,segformer_b2,polypseg/runs_repeat2/segformer_b2_seed42_fold0fixD1/best.pth,False
0.9052499708976639,0.8269010704114282,0.9964609977533481,0.8293366647360478,0.47195240438190816,0.28231528803877726,4,88.69751455929472,11.160496452137451,1,1,1,1.0,1,1.0,0,cju15jr8jz8sb0855ukmkswkz,kvasir-seg,segformer_b2,polypseg/runs_repeat2/segformer_b2_seed42_fold0fixD1/best.pth,False
0.937698249350014,0.8827042304846704,0.8912773302605694,0.9892203943956819,0.6953914686617194,0.5987915276848739,4,18.681541692269406,2.2879121437627283,1,1,1,1.0,1,1.0,0,cju15ptjtppz40988odsm9azx,kvasir-seg,segformer_b2,polypseg/runs_repeat2/segformer_b2_seed42_fold0fixD1/best.pth,False
0.9598599880066767,0.9228180600102115,0.9649420044279782,0.9548312215850829,0.697276923915191,0.47820101006123306,4,10.863766643913984,1.306816757744792,1,1,1,1.0,1,1.0,0,cju17bz250pgd0799u1hqkj5u,kvasir-seg,segformer_b2,polypseg/runs_repeat2/segformer_b2_seed42_fold0fixD1/best.pth,False
0.9819502147117175,0.9645404663914913,0.9875182135763675,0.9764446527443833,0.7841327133380164,0.5057605734803199,4,12.26742096872471,1.5035726896783723,1,1,1,1.0,1,1.0,0,cju17v6ih0u7808783zcbg1jy,kvasir-seg,segformer_b2,polypseg/runs_repeat2/segformer_b2_seed42_fold0fixD1/best.pth,False
0.9815658763877034,0.9637990849188903,0.9791842259827365,0.9839591407207249,0.8415460553097331,0.657199434521375,4,10.0,1.3970500580044003,1,1,1,1.0,1,1.0,0,cju1871y11d6r0799k6cw4yze,kvasir-seg,segformer_b2,polypseg/runs_repeat2/segformer_b2_seed42_fold0fixD1/best.pth,False
0.9650079302117243,0.9323819557468997,0.9363728177707095,0.995449665110714,0.888595290340314,0.5493713107035978,4,8.48528137423857,1.1119684886927228,1,1,1,1.0,1,1.0,0,cju1b75x63ddl0799sdp0i2j3,kvasir-seg,segformer_b2,polypseg/runs_repeat2/segformer_b2_seed42_fold0fixD1/best.pth,False
0.940193691877655,0.8871372860040745,0.8933670582723954,0.9922007836142818,0.6462449791958854,0.47275967098897603,4,22.360679774997898,2.7341495137211593,1,1,1,1.0,1,1.0,0,cju1bhnfitmge0835ynls0l6b,kvasir-seg,segformer_b2,polypseg/runs_repeat2/segformer_b2_seed42_fold0fixD1/best.pth,False
0.9478625954192443,0.9008924036846104,0.9179645145380508,0.9797738032601528,0.5647391969079403,0.42292956993013314,4,66.02460286966074,8.759044073847546,1,1,1,1.0,1,1.0,0,cju1c6yfz42md08550zgoz3pw,kvasir-seg,segformer_b2,polypseg/runs_repeat2/segformer_b2_seed42_fold0fixD1/best.pth,False
0.9350371788550913,0.8779998327545948,0.9776536312758132,0.8959808857334586,0.7078135155151407,0.3828423754286129,4,8.94427190999916,1.095397192431447,1,1,1,1.0,1,1.0,0,cju1c8ffau5770835g0g343o8,kvasir-seg,segformer_b2,polypseg/runs_repeat2/segformer_b2_seed42_fold0fixD1/best.pth,False
0.9814606844984416,0.9635962692467515,0.9773402265941504,0.9856160331275491,0.9472642633167727,0.7415941833002135,4,4.123105625617661,0.5049531557007768,1,1,1,1.0,1,1.0,0,cju1d31sp4d4k0878r3fr02ul,kvasir-seg,segformer_b2,polypseg/runs_repeat2/segformer_b2_seed42_fold0fixD1/best.pth,False
0.9215523622342827,0.854517484171523,0.9797831779745461,0.8698548455087998,0.42782613434263017,0.20144111979300483,4,77.95810834477193,9.555038744086739,1,1,1,1.0,1,1.0,0,cju1d96gsv62d09881b3wecw2,kvasir-seg,segformer_b2,polypseg/runs_repeat2/segformer_b2_seed42_fold0fixD1/best.pth,False
0.8238172920017256,0.7004160887586643,0.9359279851610283,0.7356919875053517,0.3829950109220399,0.1678485819294742,4,19.930770730829003,2.558464994112851,1,1,1,1.0,1,1.0,0,cju1ddr6p4k5z08780uuuzit2,kvasir-seg,segformer_b2,polypseg/runs_repeat2/segformer_b2_seed42_fold0fixD1/best.pth,False
0.9523923045725501,0.9091115965733246,0.9470864349677726,0.9577579593356456,0.8047772463192273,0.4273878467967495,4,52.43701187724944,6.312711003643469,1,2,1,1.0,1,1.0,1,cju1dhfok4mhe0878jlgrag0h,kvasir-seg,segformer_b2,polypseg/runs_repeat2/segformer_b2_seed42_fold0fixD1/best.pth,False
0.9385288705402632,0.8841774820742905,0.9224264346420841,0.9552034824814982,0.5883506327093194,0.30451959970682274,4,10.63014581273465,1.301864701294343,1,1,1,1.0,1,1.0,0,cju1efbr0rqxz09931z0lf4vf,kvasir-seg,segformer_b2,polypseg/runs_repeat2/segformer_b2_seed42_fold0fixD1/best.pth,False
0.9656280484298047,0.9335404415828984,0.9408926802758221,0.9916990789833616,0.7745376299251993,0.6371179421220441,4,16.76305461424021,2.0403672829030457,1,1,1,1.0,1,1.0,0,cju1erep75us208553i4ofwwe,kvasir-seg,segformer_b2,polypseg/runs_repeat2/segformer_b2_seed42_fold0fixD1/best.pth,False
0.964107247037308,0.9307017973433305,0.983262191175829,0.9456843571920438,0.7002064128541702,0.5072851738837693,4,14.170349535659327,1.7340537632636106,1,1,1,1.0,1,1.0,0,cju1f5x1164xv08555654c24r,kvasir-seg,segformer_b2,polypseg/runs_repeat2/segformer_b2_seed42_fold0fixD1/best.pth,False
0.9069287509431623,0.8297068939702792,0.852953610819582,0.9681964924484416,0.4621257750250726,0.28801575396624507,4,28.351998205727238,3.4694902240036325,1,1,1,1.0,1,1.0,0,cju1fjsb4sipq09931lvd8e41,kvasir-seg,segformer_b2,polypseg/runs_repeat2/segformer_b2_seed42_fold0fixD1/best.pth,False
0.9702158091772113,0.9421544997714688,0.9816131091679863,0.9590801347321534,0.8170094016462386,0.6118784030464045,4,7.810249675906654,1.0025829237090056,1,1,1,1.0,1,1.0,0,cju1fmsyf6gxb0801cimx2gle,kvasir-seg,segformer_b2,polypseg/runs_repeat2/segformer_b2_seed42_fold0fixD1/best.pth,False
0.903897935629876,0.8246475989891522,0.8675773798482088,0.9433924389364777,0.48787878425766995,0.36620000219233795,4,22.371832302922535,2.7837507294251376,1,1,1,1.0,1,1.0,0,cju1hirfi7ekp0855q0vgm9qq,kvasir-seg,segformer_b2,polypseg/runs_repeat2/segformer_b2_seed42_fold0fixD1/best.pth,False
0.9526875647162709,0.9096498166358321,0.920404525443194,0.9873175680910508,0.8026701825363018,0.6004146681997565,4,18.15967772666629,2.2721192553949123,1,1,1,1.0,1,1.0,0,cju2i03ptvkiu0799xbbd4det,kvasir-seg,segformer_b2,polypseg/runs_repeat2/segformer_b2_seed42_fold0fixD1/best.pth,False
0.8649068881860186,0.7619699909937953,0.9839975103582396,0.7715305781717675,0.46595217349533574,0.2959636521316964,4,125.54560577696073,15.475593813265638,1,1,1,1.0,1,1.0,0,cju2iatlki5u309930zmgkv6h,kvasir-seg,segformer_b2,polypseg/runs_repeat2/segformer_b2_seed42_fold0fixD1/best.pth,False
0.953391397230683,0.9109340346601565,0.9797077179619205,0.9284518800545923,0.45449507014026586,0.310069253762372,4,72.54999999999973,8.73404427366,1,1,1,1.0,1,1.0,0,cju2igw4gvxds0878808qj398,kvasir-seg,segformer_b2,polypseg/runs_repeat2/segformer_b2_seed42_fold0fixD1/best.pth,False
0.947122018527136,0.8995553475267982,0.901369477530713,0.9977676253712088,0.6872773318295289,0.46124958801226,4,12.083045973594572,1.550969258956739,1,1,1,1.0,1,1.0,0,cju2lcyfgkf5809932fn9gucn,kvasir-seg,segformer_b2,polypseg/runs_repeat2/segformer_b2_seed42_fold0fixD1/best.pth,False
0.9797585409684568,0.9603202578127784,0.9725636187415342,0.9870607111382068,0.9815844399292303,0.7705346855681262,4,3.605551275463989,0.44457788005326443,1,1,1,1.0,1,1.0,0,cju2lz8vqktne0993fuym6drw,kvasir-seg,segformer_b2,polypseg/runs_repeat2/segformer_b2_seed42_fold0fixD1/best.pth,False
0.9628359320340244,0.9283352188649197,0.9464345125852358,0.9798158396266738,0.780021519557955,0.5474163560054178,4,10.295630140987,1.244099749344148,2,2,2,1.0,2,1.0,0,cju2ma647l0nj0993ot4deq2q,kvasir-seg,segformer_b2,polypseg/runs_repeat2/segformer_b2_seed42_fold0fixD1/best.pth,False
0.882781520559703,0.7901601493397765,0.9656880403429224,0.8129849124293942,0.5991655036400855,0.45788470077461796,4,95.78326175052888,11.8285199605161,1,1,1,1.0,1,1.0,0,cju2nfnvxzdkd0878399axlco,kvasir-seg,segformer_b2,polypseg/runs_repeat2/segformer_b2_seed42_fold0fixD1/best.pth,False
0.9749668874162961,0.9511564801636403,0.9578755600153219,0.9926792147475433,0.7557318826192265,0.5053813257613037,4,9.219544457292887,1.162363667651325,1,1,1,1.0,1,1.0,0,cju2nguelpmlj0835rojdn097,kvasir-seg,segformer_b2,polypseg/runs_repeat2/segformer_b2_seed42_fold0fixD1/best.pth,False
0.9880938970810271,0.9764679689456793,0.9817518248165628,0.9945184411067677,0.9094536006310122,0.6034368676909074,4,4.47213595499958,0.570809636777095,1,1,1,1.0,1,1.0,0,cju2okvco06xc0799kxe5n1qh,kvasir-seg,segformer_b2,polypseg/runs_repeat2/segformer_b2_seed42_fold0fixD1/best.pth,False
0.984565601022144,0.9696004015751437,0.9869857392804708,0.9821573023312746,0.7499437463335579,0.4900139310802852,4,8.009338662244774,1.0271743208176665,1,1,1,1.0,1,1.0,0,cju2qdj95ru8g09886gfi9rsz,kvasir-seg,segformer_b2,polypseg/runs_repeat2/segformer_b2_seed42_fold0fixD1/best.pth,False
0.5368710588846651,0.36693352431085896,0.3932350200093289,0.8458227698813577,0.2736086133261498,0.13155642387741073,4,205.69973725169814,25.19186770445775,1,1,1,1.0,0,0.0,0,cju2qfie4rvz508357kad9z5o,kvasir-seg,segformer_b2,polypseg/runs_repeat2/segformer_b2_seed42_fold0fixD1/best.pth,False
0.924065280711368,0.8588488354779791,0.9710667561139628,0.8814036690197046,0.590780759098351,0.29636261978133527,4,14.815445903775952,1.9561297733252545,1,1,1,1.0,1,1.0,0,cju2qu37qobl50993aw7ghcfq,kvasir-seg,segformer_b2,polypseg/runs_repeat2/segformer_b2_seed42_fold0fixD1/best.pth,False
0.8309609185405539,0.7108067914232342,0.9974927172843121,0.7120790440218178,0.39845200451136786,0.23145933075780278,4,115.91807451816995,15.103630257218809,1,1,1,1.0,1,1.0,0,cju2raxlosl630988jdbfy9b0,kvasir-seg,segformer_b2,polypseg/runs_repeat2/segformer_b2_seed42_fold0fixD1/best.pth,False
0.9725866128462479,0.9466361106512433,0.982278337668541,0.9630842677863712,0.8950388644334354,0.6677190243290939,4,6.324555320336759,0.7745627828609817,1,1,1,1.0,1,1.0,0,cju2rga4psq9n09881z519xx0,kvasir-seg,segformer_b2,polypseg/runs_repeat2/segformer_b2_seed42_fold0fixD1/best.pth,False
0.9485722687212395,0.9021754329872707,0.9793342730109956,0.9196839490063949,0.8014716254085686,0.5720882340239355,4,90.20920150930164,11.142510257005489,2,2,2,1.0,1,0.5,0,cju2rz4k434s70855wwx3ddtx,kvasir-seg,segformer_b2,polypseg/runs_repeat2/segformer_b2_seed42_fold0fixD1/best.pth,False
0.9790938117670428,0.9590438602999503,0.9735184438596717,0.9847334080920972,0.8356120806842958,0.6502155732176021,4,5.830951894845301,0.7583871729112887,1,1,1,1.0,1,1.0,0,cju2saez63gxl08559ucjq3kt,kvasir-seg,segformer_b2,polypseg/runs_repeat2/segformer_b2_seed42_fold0fixD1/best.pth,False
0.9527588772540057,0.9097798554317227,0.9582040993363882,0.947375192998483,0.5370392793669131,0.3925492111340322,4,21.59628804649511,2.8121835518995724,1,1,1,1.0,1,1.0,0,cju2t9tdwuk700835kv0ljmtl,kvasir-seg,segformer_b2,polypseg/runs_repeat2/segformer_b2_seed42_fold0fixD1/best.pth,False
0.9753175771781485,0.9518242486215797,0.9652719458554432,0.9855744981312782,0.8375328563218595,0.5511360598088595,4,7.0710678118654755,0.8724814412247662,1,1,1,1.0,1,1.0,0,cju2tqfgw4oat0799rn0g5b2z,kvasir-seg,segformer_b2,polypseg/runs_repeat2/segformer_b2_seed42_fold0fixD1/best.pth,False
0.6406919536556075,0.471336835957552,0.500930636552296,0.8886198547117694,0.23853396953020106,0.12138517136139731,4,82.19599594580635,10.303616149959797,1,1,1,1.0,0,0.0,0,cju2trtjf4qjd0878a2zle9v9,kvasir-seg,segformer_b2,polypseg/runs_repeat2/segformer_b2_seed42_fold0fixD1/best.pth,False
0.9585597453155575,0.9204174132927119,0.9813441222636395,0.9368093552093465,0.8596000115237871,0.6758586229323293,4,6.324555320336759,0.8054621559496057,1,1,1,1.0,1,1.0,0,cju2urqpwvxw70835rvndvtsi,kvasir-seg,segformer_b2,polypseg/runs_repeat2/segformer_b2_seed42_fold0fixD1/best.pth,False
0.5099005424943266,0.342192287854306,0.9772983276927709,0.3449340958428547,0.48379770076000295,0.343854843624564,4,161.98302373570522,20.040283731091733,1,1,1,1.0,0,0.0,0,cju2uzabhs6er0993x3aaf87p,kvasir-seg,segformer_b2,polypseg/runs_repeat2/segformer_b2_seed42_fold0fixD1/best.pth,False
0.9633340924591114,0.9292618629122953,0.9887798036407854,0.9391651864956752,0.7676110234734937,0.5241851109186014,4,7.249056587021872,0.8894440834543486,1,1,1,1.0,1,1.0,0,cju2wve9v7esz0878mxsdcy04,kvasir-seg,segformer_b2,polypseg/runs_repeat2/segformer_b2_seed42_fold0fixD1/best.pth,False
0.9797136937267096,0.9602340908653604,0.9666586131897956,0.9931262291619859,0.7412578014068137,0.6205095959659828,4,13.53412054088119,1.6575119575620578,1,1,1,1.0,1,1.0,0,cju2wzu8wxtgu09880ku9x1pg,kvasir-seg,segformer_b2,polypseg/runs_repeat2/segformer_b2_seed42_fold0fixD1/best.pth,False
0.9738442801861948,0.9490219285264987,0.9594437390728898,0.9886836913630984,0.8140758690222324,0.4384204064293545,9,25.753595255908213,1.4963908560131693,1,1,1,1.0,1,1.0,0,cju2x7vw87mu30878hye2ca0m,kvasir-seg,segformer_b2,polypseg/runs_repeat2/segformer_b2_seed42_fold0fixD1/best.pth,False
0.8402228488886166,0.7244692207321498,0.727931449545665,0.9934776597631895,0.5486632084430247,0.37726956621030305,4,148.480178764048,18.201212712655117,1,1,1,1.0,1,1.0,0,cju2xlcqxy9c60988vjacdznb,kvasir-seg,segformer_b2,polypseg/runs_repeat2/segformer_b2_seed42_fold0fixD1/best.pth,False
0.976368323407953,0.9538277739299287,0.9932003562377285,0.9600972970005192,0.7710357964419108,0.5262659244970608,4,8.98328157299975,1.1010477973560198,1,1,1,1.0,1,1.0,0,cju2xyd9vyi7m098831qcucse,kvasir-seg,segformer_b2,polypseg/runs_repeat2/segformer_b2_seed42_fold0fixD1/best.pth,False
0.9734474370615065,0.9482684786008675,0.9799380439578405,0.9670422453184164,0.7050849183212027,0.49998664965118567,4,12.731838382033244,1.6606205787347266,1,1,1,1.0,1,1.0,0,cju2y0z6g87p10878fpk5d3rq,kvasir-seg,segformer_b2,polypseg/runs_repeat2/segformer_b2_seed42_fold0fixD1/best.pth,False
0.9564437525366244,0.9165234311629106,0.9798217938460637,0.9341552903813368,0.6964902376394634,0.48582647093608317,4,13.0,1.6012511702010304,1,1,1,1.0,1,1.0,0,cju2y8s56ymqr083541ggdsml,kvasir-seg,segformer_b2,polypseg/runs_repeat2/segformer_b2_seed42_fold0fixD1/best.pth,False
0.9673156746108371,0.9367002585676976,0.939768853411591,0.9965261858561162,0.8101275056256879,0.5181210230285523,4,31.531778837212414,3.8591322093064466,1,1,1,1.0,1,1.0,0,cju2yb31a8e8u0878wdashg7o,kvasir-seg,segformer_b2,polypseg/runs_repeat2/segformer_b2_seed42_fold0fixD1/best.pth,False
0.9470899470854729,0.8994974874291143,0.9199706314159326,0.9758566978098144,0.6263561986288387,0.4752902551774169,3,6.871492678214113,1.1907264957505348,1,1,1,1.0,1,1.0,0,cju2zdvjn9h7r08553cp4eed5,kvasir-seg,segformer_b2,polypseg/runs_repeat2/segformer_b2_seed42_fold0fixD1/best.pth,False
0.9829263539731334,0.9664259395697379,0.9871138676432013,0.9787742185838171,0.9242416747598727,0.7233948888643444,4,5.0,0.6118599117473807,1,1,1,1.0,1,1.0,0,cju2zi4l09f5807991s8do2b2,kvasir-seg,segformer_b2,polypseg/runs_repeat2/segformer_b2_seed42_fold0fixD1/best.pth,False
0.9497586268528746,0.9043241402753476,0.9827482540077574,0.9189119058905898,0.8339260667199125,0.4578210607145113,4,21.717737865109584,2.6593775322302102,1,1,1,1.0,1,1.0,0,cju2zm0axztpe0988r8s9twjr,kvasir-seg,segformer_b2,polypseg/runs_repeat2/segformer_b2_seed42_fold0fixD1/best.pth,False
0.951450665730848,0.9073971387278762,0.9818792751592237,0.9228513421957719,0.8370091809713314,0.6064197486521091,4,7.0,0.8566038764463331,1,1,1,1.0,1,1.0,0,cju2zp89k9q1g0855k1x0f1xa,kvasir-seg,segformer_b2,polypseg/runs_repeat2/segformer_b2_seed42_fold0fixD1/best.pth,False
0.6090499413506447,0.43786614592190776,0.8951188531864431,0.4615456586783163,0.18498087801084523,0.10449315799397267,4,34.978399210253556,4.283774093207514,1,1,1,1.0,0,0.0,0,cju2zy1e49pqk0878t6ncqn12,kvasir-seg,segformer_b2,polypseg/runs_repeat2/segformer_b2_seed42_fold0fixD1/best.pth,False
0.9813714666228881,0.9634242851702735,0.9698313186208658,0.9931895573177029,0.9456884565699432,0.7220481326883483,4,4.123105625617661,0.4963664655978139,1,1,1,1.0,1,1.0,0,cju303j5r062k098835zxfds5,kvasir-seg,segformer_b2,polypseg/runs_repeat2/segformer_b2_seed42_fold0fixD1/best.pth,False
0.9344431409032857,0.8769528654673808,0.8793315123762724,0.9969248697105094,0.4777617762621295,0.320924953111825,4,37.48332962798263,4.700178854407993,1,1,1,1.0,1,1.0,0,cju30ftgja7170855xl9bkdm0,kvasir-seg,segformer_b2,polypseg/runs_repeat2/segformer_b2_seed42_fold0fixD1/best.pth,False
0.9644285920832785,0.9313009076056258,0.966618357483253,0.9622487255892938,0.8488935680516249,0.4856896022641819,4,5.0,0.6423997597322564,1,1,1,1.0,1,1.0,0,cju30lncba3ny0878jwnous8n,kvasir-seg,segformer_b2,polypseg/runs_repeat2/segformer_b2_seed42_fold0fixD1/best.pth,False
0.9813411107245886,0.9633657753898683,0.97259808914014,0.99024274625117,0.6808372766335771,0.3820097297958661,4,9.0,1.1022221630876101,1,1,1,1.0,1,1.0,0,cju30qbm1ad3x0855znuhpz9u,kvasir-seg,segformer_b2,polypseg/runs_repeat2/segformer_b2_seed42_fold0fixD1/best.pth,False
0.9761396912603012,0.9533914762863126,0.9567358798066872,0.9963468634649582,0.8746796911399495,0.6047610237916199,4,5.0,0.6106285283363233,1,1,1,1.0,1,1.0,0,cju31ugmfb3dz0855xtqshki6,kvasir-seg,segformer_b2,polypseg/runs_repeat2/segformer_b2_seed42_fold0fixD1/best.pth,False
0.9549158413073382,0.9137214772271366,0.9782413186017223,0.9326768175435574,0.387625564965799,0.21538918682371305,4,81.95364238306374,9.858311277738036,1,1,1,1.0,1,1.0,0,cju32phw2bv130801yj7bkouq,kvasir-seg,segformer_b2,polypseg/runs_repeat2/segformer_b2_seed42_fold0fixD1/best.pth,False
0.9607553019071355,0.924474576267008,0.9773976202944645,0.9446702383108042,0.7286796101434082,0.5531127766468313,4,8.246211251235321,0.991947581739983,1,1,1,1.0,1,1.0,0,cju32srle1xfq083575i3fl75,kvasir-seg,segformer_b2,polypseg/runs_repeat2/segformer_b2_seed42_fold0fixD1/best.pth,False
0.7658339084422517,0.6205274263171712,0.6213381312146345,0.9979017289741279,0.4468631057179698,0.3044284835483095,4,197.68540155972272,24.17195943875721,1,1,1,1.0,1,1.0,0,cju32zhbnc1oy0801iyv1ix6p,kvasir-seg,segformer_b2,polypseg/runs_repeat2/segformer_b2_seed42_fold0fixD1/best.pth,False
0.9284581187198366,0.866469276600383,0.8710382714445568,0.9939825977544942,0.46531297879286837,0.212415290344321,4,27.212115728515027,3.273381140567477,1,1,1,1.0,1,1.0,0,cju33eqwbcch208012jikwdky,kvasir-seg,segformer_b2,polypseg/runs_repeat2/segformer_b2_seed42_fold0fixD1/best.pth,False
0.6626290895857028,0.4954714390942079,0.4973866424653815,0.9922884779785883,0.18277623861040085,0.11169508866024995,4,134.4085164145526,16.511429946179497,1,1,1,1.0,0,0.0,0,cju34ds2531520988qjpqt6e3,kvasir-seg,segformer_b2,polypseg/runs_repeat2/segformer_b2_seed42_fold0fixD1/best.pth,False
0.9818689451006091,0.9643836521592348,0.9773648083007622,0.9864147882768868,0.9593730038031504,0.6954242750206364,4,4.0,0.5197830618318102,1,1,1,1.0,1,1.0,0,cju34eqjpcpm508788b3lhp97,kvasir-seg,segformer_b2,polypseg/runs_repeat2/segformer_b2_seed42_fold0fixD1/best.pth,False
0.9766420757005404,0.9543504305877158,0.966173208101671,0.9873402970517328,0.8110741675582321,0.4828025867656842,4,6.708203932499369,0.8215478943235852,1,1,1,1.0,1,1.0,0,cju34i3qvcyog0855qiejxx5w,kvasir-seg,segformer_b2,polypseg/runs_repeat2/segformer_b2_seed42_fold0fixD1/best.pth,False
0.9547465615073621,0.913411548192756,0.9230089729866211,0.9887444593837861,0.5282235640428024,0.29291341349937045,4,19.4164878389476,2.3356348231853263,1,1,1,1.0,1,1.0,0,cju34ouumcznz07996gg1xq7v,kvasir-seg,segformer_b2,polypseg/runs_repeat2/segformer_b2_seed42_fold0fixD1/best.pth,False
0.9612087224881262,0.9253145875371861,0.944499504456117,0.9785197962831504,0.7466318777196793,0.577490608850625,4,13.0,1.628074622130949,1,1,1,1.0,1,1.0,0,cju35eg0tdmjt085525sb4bua,kvasir-seg,segformer_b2,polypseg/runs_repeat2/segformer_b2_seed42_fold0fixD1/best.pth,False
0.8023778719388975,0.6699758238751917,0.9806604827226035,0.6789464259546151,0.37431704566188134,0.27743919340473994,4,88.21563613539126,10.79512226810791,1,1,1,1.0,1,1.0,0,cju3tsh4lfsok0987w6x3a0v1,kvasir-seg,segformer_b2,polypseg/runs_repeat2/segformer_b2_seed42_fold0fixD1/best.pth,False
0.38382304077284934,0.23748825187830422,0.6899317406025609,0.2658644045487876,0.1847454858768038,0.1258686827380479,4,227.7290028961214,27.84553729108145,10,5,3,0.3,2,0.2,2,cju3uhb79gcgr0871orbrbi3x,kvasir-seg,segformer_b2,polypseg/runs_repeat2/segformer_b2_seed42_fold0fixD1/best.pth,False
0.9616939685695434,0.9262143717345395,0.9795779730778262,0.9444512669329712,0.7193577156013826,0.5123720471512643,4,7.3975920150847125,0.9052579994985721,1,1,1,1.0,1,1.0,0,cju3v11mrgwwb0755u242ygye,kvasir-seg,segformer_b2,polypseg/runs_repeat2/segformer_b2_seed42_fold0fixD1/best.pth,False
0.9552879510156678,0.9144031141828961,0.9716872730570772,0.9394329896865471,0.7313152460134876,0.5871549337188554,4,13.45362404707371,1.715565796192817,1,1,1,1.0,1,1.0,0,cju3v3ac9gyz30755hfqwyp1i,kvasir-seg,segformer_b2,polypseg/runs_repeat2/segformer_b2_seed42_fold0fixD1/best.pth,False
0.9006771024742578,0.8193016851567646,0.9757466967176713,0.8363333487566097,0.7138527969291147,0.23641363671945698,8,48.08326112068523,3.04946778423097,2,2,1,0.5,1,0.5,1,cju3x4blzieu30850x10uuvbm,kvasir-seg,segformer_b2,polypseg/runs_repeat2/segformer_b2_seed42_fold0fixD1/best.pth,False
0.9617848587795617,0.9263830015510737,0.9496177327927527,0.974267817837739,0.8256912712148594,0.557382689943093,4,5.735198189901182,0.7018275716653349,1,1,1,1.0,1,1.0,0,cju3x9lttikfb0818a0g104zn,kvasir-seg,segformer_b2,polypseg/runs_repeat2/segformer_b2_seed42_fold0fixD1/best.pth,False
0.9443417422703712,0.8945525082154309,0.982754538277461,0.9088188602797131,0.3918215691441368,0.2598271920004451,4,16.27110534112458,1.9942895645439083,1,1,1,1.0,1,1.0,0,cju40r6jrksyk0871wg98zgho,kvasir-seg,segformer_b2,polypseg/runs_repeat2/segformer_b2_seed42_fold0fixD1/best.pth,False
0.9806451612880219,0.962025316451268,0.9904274476306016,0.9710542210613248,0.9385640509282908,0.7944403303982663,4,4.33252382324682,0.574772121521915,1,1,1,1.0,1,1.0,0,cju41kd7yl4nm0850gil5qqwh,kvasir-seg,segformer_b2,polypseg/runs_repeat2/segformer_b2_seed42_fold0fixD1/best.pth,False
0.9708971097293482,0.9434402710442339,0.9768042967422342,0.9650609402189453,0.6534898828873512,0.38956516739509145,4,9.230266291031063,1.160441380897162,1,1,1,1.0,1,1.0,0,cju41r6v2lcww0871ps8k8pf5,kvasir-seg,segformer_b2,polypseg/runs_repeat2/segformer_b2_seed42_fold0fixD1/best.pth,False
0.9269581297034144,0.8638601674016746,0.9769384251265513,0.8818429319334792,0.5916800293067837,0.3646432768176467,4,23.769728648009426,2.9722263452433686,1,1,1,1.0,1,1.0,0,cju42qet0lsq90871e50xbnuv,kvasir-seg,segformer_b2,polypseg/runs_repeat2/segformer_b2_seed42_fold0fixD1/best.pth,False
0.9630993356240971,0.9288250733292509,0.9668916746948979,0.9593366289191568,0.8702437529204037,0.6109018731307111,4,6.4031242374328485,0.8087202832253868,1,1,1,1.0,1,1.0,0,cju43lcnum9y10755bjs7z87f,kvasir-seg,segformer_b2,polypseg/runs_repeat2/segformer_b2_seed42_fold0fixD1/best.pth,False
0.9401592129947056,0.8870758934002123,0.9799244468403132,0.903495459632035,0.7413888710375728,0.4995068024018013,4,36.99390889145857,4.65139408110461,1,1,1,1.0,1,1.0,0,cju45jpvfn6c809873pv1i34s,kvasir-seg,segformer_b2,polypseg/runs_repeat2/segformer_b2_seed42_fold0fixD1/best.pth,False
0.9769203085622105,0.9548819282975808,0.9728558962821838,0.98101882404393,0.8516869888103715,0.7241590119255616,4,6.324555320336759,0.7739483720285354,1,1,1,1.0,1,1.0,0,cju45n0oxn5vu08500yfrt9jn,kvasir-seg,segformer_b2,polypseg/runs_repeat2/segformer_b2_seed42_fold0fixD1/best.pth,False
0.9236319303979043,0.8581004551160145,0.979559452724047,0.8737457930986519,0.43663327724258766,0.2542850574729237,4,101.30773882199803,12.397228826990881,1,1,1,1.0,1,1.0,0,cju45ofd9ne1j0801ri8dup7t,kvasir-seg,segformer_b2,polypseg/runs_repeat2/segformer_b2_seed42_fold0fixD1/best.pth,False
0.9393289701328907,0.8855987800954445,0.9700512740795134,0.9104929269326583,0.4532139079681836,0.2896655600625762,4,13.92838827718412,1.7046767992921612,1,1,1,1.0,1,1.0,0,cju45qbf3n9sa0987oonbkly9,kvasir-seg,segformer_b2,polypseg/runs_repeat2/segformer_b2_seed42_fold0fixD1/best.pth,False
0.9435460281623343,0.8931255438616679,0.9361525704770475,0.9510571982101295,0.4766943314568279,0.32218803434444365,4,10.720826148465246,1.3140122482727403,1,1,1,1.0,1,1.0,0,cju5b9oyda4yr0850g9viziyv,kvasir-seg,segformer_b2,polypseg/runs_repeat2/segformer_b2_seed42_fold0fixD1/best.pth,False
0.9422767598027655,0.890853792365438,0.9979627678222762,0.8924768336708262,0.6814578542832812,0.548398348715902,4,18.867962264113206,2.3659263501860313,1,1,1,1.0,1,1.0,0,cju5bbtwsa8cl0987wgfsqpao,kvasir-seg,segformer_b2,polypseg/runs_repeat2/segformer_b2_seed42_fold0fixD1/best.pth,False
0.9731030726779692,0.9476151372033544,0.9815700868297658,0.9647808820422045,0.8341405880591877,0.6518864198613257,4,7.742182876391689,0.9466745089876684,1,1,1,1.0,1,1.0,0,cju5bf6hxa6m50817rbwettgu,kvasir-seg,segformer_b2,polypseg/runs_repeat2/segformer_b2_seed42_fold0fixD1/best.pth,False
0.4724449391964259,0.30928177407097523,0.9906045027418862,0.3101916956548179,0.1762660444112125,0.07992469471356412,4,139.7855500400524,16.828300246281707,1,1,1,1.0,0,0.0,0,cju5ca9hcatkc0801jzwe7tfx,kvasir-seg,segformer_b2,polypseg/runs_repeat2/segformer_b2_seed42_fold0fixD1/best.pth,False
0.882396963701068,0.7895441718047087,0.8467733661596041,0.9211495535662881,0.4096041170461234,0.24883993668687923,4,24.1701206268385,2.962442829132344,1,1,1,1.0,1,1.0,0,cju5cky5xb0ay0801oxet697t,kvasir-seg,segformer_b2,polypseg/runs_repeat2/segformer_b2_seed42_fold0fixD1/best.pth,False
0.9582484236766331,0.9198435072770038,0.9865967294032871,0.9314837040737698,0.5577669924374236,0.436467978356187,4,22.360679774997898,2.7800847466150165,1,1,1,1.0,1,1.0,0,cju5eftctcdbj08712gdp989f,kvasir-seg,segformer_b2,polypseg/runs_repeat2/segformer_b2_seed42_fold0fixD1/best.pth,False
0.9669797504423523,0.9360704699219837,0.9668475926394359,0.9671119443755678,0.7869125733171216,0.48458019696883925,4,6.0,0.7409553450783871,1,1,1,1.0,1,1.0,0,cju5f26ebcuai0818xlwh6116,kvasir-seg,segformer_b2,polypseg/runs_repeat2/segformer_b2_seed42_fold0fixD1/best.pth,False
0.18855416073138812,0.10409042138820922,0.10411643634209922,0.997605296506584,0.23107695972089545,0.1911796315482378,4,272.1179837799174,32.733429660562315,1,2,0,0.0,0,0.0,2,cju5fi0yxd3ei0801v7u0yudn,kvasir-seg,segformer_b2,polypseg/runs_repeat2/segformer_b2_seed42_fold0fixD1/best.pth,False
0.978267565623991,0.9574596368974398,0.9783680175224115,0.9781671343485999,0.8130910209279928,0.6007119387858376,4,7.0710678118654755,0.8653005854655509,1,1,1,1.0,1,1.0,0,cju5ft6mcd5q40987rhjgbrr6,kvasir-seg,segformer_b2,polypseg/runs_repeat2/segformer_b2_seed42_fold0fixD1/best.pth,False
0.9668964742019494,0.935914407469515,0.9823743266631472,0.951898780868419,0.7403094287817141,0.5075250336233704,4,12.731838382033244,1.558020301762555,1,1,1,1.0,1,1.0,0,cju5hjxaae3i40850h5z2laf5,kvasir-seg,segformer_b2,polypseg/runs_repeat2/segformer_b2_seed42_fold0fixD1/best.pth,False
0.9444330380705224,0.8947163677273369,0.8979475166612315,0.9959943085140338,0.7559922798774036,0.6186077417027122,4,37.656340767525464,4.733711563911775,1,1,1,1.0,1,1.0,0,cju5hqz50e7o90850e0prlpa0,kvasir-seg,segformer_b2,polypseg/runs_repeat2/segformer_b2_seed42_fold0fixD1/best.pth,False
0.9711984455293795,0.9440095043685258,0.9653292629712624,0.9771394336855107,0.8402636962867682,0.5415137650055385,4,5.8563091106185015,0.781326134688338,1,1,1,1.0,1,1.0,0,cju5hwonqedw10801vsd3w6kk,kvasir-seg,segformer_b2,polypseg/runs_repeat2/segformer_b2_seed42_fold0fixD1/best.pth,False
0.812830091454252,0.6846788194370151,0.6846788194370151,0.9999999999841521,0.10957605758815507,0.016241250512363886,4,126.38413307038677,15.490438567142897,1,2,1,1.0,1,1.0,1,cju5k7r0yf98c09878csbxb4d,kvasir-seg,segformer_b2,polypseg/runs_repeat2/segformer_b2_seed42_fold0fixD1/best.pth,False
0.9688513398149476,0.9395845402554035,0.9529125398610633,0.9853324075595787,0.8799504865759274,0.777268262272578,4,7.615773105863909,0.9747994430409008,1,1,1,1.0,1,1.0,0,cju5klveuff6w0871wbibgh3m,kvasir-seg,segformer_b2,polypseg/runs_repeat2/segformer_b2_seed42_fold0fixD1/best.pth,False
0.9739353596881308,0.9491949351184211,0.9676494023827278,0.9803035195271205,0.9606027217314766,0.7556056364941551,4,3.605551275463989,0.46283592578207666,1,1,1,1.0,1,1.0,0,cju5u4pywk81x0817vn9pe14z,kvasir-seg,segformer_b2,polypseg/runs_repeat2/segformer_b2_seed42_fold0fixD1/best.pth,False
0.8816030487419244,0.788273830459048,0.7934017789954565,0.9918674448812153,0.5938730988501081,0.48946511804949966,4,74.01676740422482,8.910623342545781,1,1,1,1.0,1,1.0,0,cju5vxuc5loxw0818u8xgf45p,kvasir-seg,segformer_b2,polypseg/runs_repeat2/segformer_b2_seed42_fold0fixD1/best.pth,False
0.9723416183860576,0.9461720312726788,0.9739797828467865,0.9707089552178438,0.9155466818265893,0.6723030976012537,4,4.47213595499958,0.5621438322194648,1,1,1,1.0,1,1.0,0,cju5vzjoslpj708186z2fusmz,kvasir-seg,segformer_b2,polypseg/runs_repeat2/segformer_b2_seed42_fold0fixD1/best.pth,False
0.9772630596745513,0.955537070327755,0.965852070842806,0.9889469006859893,0.855928599554611,0.7339230803293649,4,8.06225774829855,0.9698195732726526,1,1,1,1.0,1,1.0,0,cju5wcc90lu020850mjrxppv6,kvasir-seg,segformer_b2,polypseg/runs_repeat2/segformer_b2_seed42_fold0fixD1/best.pth,False
0.95555476351372,0.9148921648859207,0.9845758354683468,0.9281955407773979,0.7445934683529719,0.49098759285307053,4,5.830951894845301,0.7146783375470298,1,1,1,1.0,1,1.0,0,cju5wqonpm0e60801z88ewmy1,kvasir-seg,segformer_b2,polypseg/runs_repeat2/segformer_b2_seed42_fold0fixD1/best.pth,False
0.9534669800976019,0.9110720464286203,0.9432070947772967,0.9639525271582311,0.6178891675002027,0.4655849467416719,4,18.384776310850235,2.333476782896564,1,1,1,1.0,1,1.0,0,cju5xopi0md7q0871r1sjc1av,kvasir-seg,segformer_b2,polypseg/runs_repeat2/segformer_b2_seed42_fold0fixD1/best.pth,False
0.8416275591725975,0.7265604131357264,0.9481756913670906,0.7566063977676717,0.6415363771781483,0.5955156456561,4,42.104414301447605,5.414307576258659,1,1,1,1.0,1,1.0,0,cju5xq3tdm9fn0987pbedxdg5,kvasir-seg,segformer_b2,polypseg/runs_repeat2/segformer_b2_seed42_fold0fixD1/best.pth,False
0.5056341826618369,0.33836037789093504,0.9512905360646314,0.3443259126763162,0.3924345418321017,0.2851036224978354,4,142.62351630572243,18.30823698358286,2,2,1,0.5,1,0.5,1,cju5yeqiwmkgl0801fzv2douc,kvasir-seg,segformer_b2,polypseg/runs_repeat2/segformer_b2_seed42_fold0fixD1/best.pth,False
0.8755153528959724,0.7785925358347532,0.939886378637338,0.8193964524208777,0.56235930347676,0.3902946170941309,4,20.616448423361728,2.656121522830258,1,1,1,1.0,1,1.0,0,cju5yhgznmkzb0801cji2vi8j,kvasir-seg,segformer_b2,polypseg/runs_repeat2/segformer_b2_seed42_fold0fixD1/best.pth,False
0.952298574400281,0.908940802342778,0.9893496638421796,0.9179224308243705,0.6612059666231723,0.458731487813194,4,6.912461179749791,0.8730499918135266,1,1,1,1.0,1,1.0,0,cju5yimthmlv80850zhoc90c2,kvasir-seg,segformer_b2,polypseg/runs_repeat2/segformer_b2_seed42_fold0fixD1/best.pth,False
0.9300914648116464,0.8693186699813615,0.964813578707306,0.8977817213762397,0.590604065316551,0.3941669371369532,4,8.54400374531753,1.0472071289247245,1,1,1,1.0,1,1.0,0,cju5ymyd8mmdc0801ry3by1xr,kvasir-seg,segformer_b2,polypseg/runs_repeat2/segformer_b2_seed42_fold0fixD1/best.pth,False
0.9788976004998783,0.9586674176645705,0.9800995867472053,0.9776985588521893,0.7874625721142425,0.5228747291054908,4,6.0496575181789245,0.7282974032288767,1,1,1,1.0,1,1.0,0,cju6uy20suzbl0987rzuhz7z9,kvasir-seg,segformer_b2,polypseg/runs_repeat2/segformer_b2_seed42_fold0fixD1/best.pth,False
0.9579593266195432,0.919310878251856,0.9338427865899676,0.9833545095480273,0.6381001956299811,0.4021678425769752,4,63.516532146224144,7.64048707259573,1,2,1,1.0,1,1.0,1,cju6uzxk0v83p0801rcwnexdu,kvasir-seg,segformer_b2,polypseg/runs_repeat2/segformer_b2_seed42_fold0fixD1/best.pth,False
0.9069866879481572,0.8298038806549666,0.9410268543656629,0.8753232462125153,0.6188868131131117,0.25484792004381573,4,108.24508753840264,13.972925274250589,2,3,2,1.0,2,1.0,1,cju6v1m1xv07w09870ah3njy1,kvasir-seg,segformer_b2,polypseg/runs_repeat2/segformer_b2_seed42_fold0fixD1/best.pth,False
0.9159631344318718,0.8449557054056724,0.9234148315099606,0.9086307407908186,0.5460278210357301,0.4140365569061388,4,29.42702815915338,3.734535774873022,1,1,1,1.0,1,1.0,0,cju6vqarjv7yo0987q4b1btk1,kvasir-seg,segformer_b2,polypseg/runs_repeat2/segformer_b2_seed42_fold0fixD1/best.pth,False
0.836663280270497,0.7191927032656862,0.922349427552953,0.7655443090112468,0.5788339236016184,0.3865647952103218,4,31.978102845270246,3.9795312646656043,1,1,1,1.0,1,1.0,0,cju6vvb8svhed0801jjcquh5e,kvasir-seg,segformer_b2,polypseg/runs_repeat2/segformer_b2_seed42_fold0fixD1/best.pth,False
0.969340324683513,0.9405047542835665,0.9824097280192035,0.9566140913772467,0.822682608515566,0.5645673490122314,4,6.4031242374328485,0.8198192497809383,1,1,1,1.0,1,1.0,0,cju6vvxsev9y30987kespucdg,kvasir-seg,segformer_b2,polypseg/runs_repeat2/segformer_b2_seed42_fold0fixD1/best.pth,False
0.9822554603210064,0.9651296784464394,0.9929193192136662,0.9718182251665446,0.8615916703476185,0.6806876436700017,4,8.06225774829855,1.068216071846732,1,1,1,1.0,1,1.0,0,cju6wll7wvo3y08502pagos8m,kvasir-seg,segformer_b2,polypseg/runs_repeat2/segformer_b2_seed42_fold0fixD1/best.pth,False
0.9790371777156861,0.958935189750766,0.9786007046796885,0.9794740402732292,0.8037707559541113,0.5787987487374793,4,10.295630140987,1.26207387253161,1,1,1,1.0,1,1.0,0,cju6x4t13vyw60755gtcf9ndu,kvasir-seg,segformer_b2,polypseg/runs_repeat2/segformer_b2_seed42_fold0fixD1/best.pth,False
0.9458478146885699,0.8972592647134117,0.9920980815404989,0.9037177203884545,0.5520587380439013,0.19777606603183912,4,8.0,0.962330506962343,1,1,1,1.0,1,1.0,0,cju6x97w4vwua0850x0997r0a,kvasir-seg,segformer_b2,polypseg/runs_repeat2/segformer_b2_seed42_fold0fixD1/best.pth,False
0.9426810628708295,0.8915768267902159,0.9327759993642399,0.9527987461032367,0.33525734244911626,0.11610331607339364,4,37.68819107345831,4.625501913454326,1,1,1,1.0,1,1.0,0,cju6xifswvwbo0987nibtdr50,kvasir-seg,segformer_b2,polypseg/runs_repeat2/segformer_b2_seed42_fold0fixD1/best.pth,False
0.9738582611233477,0.9490484834867541,0.9841991708245532,0.963732394364201,0.8015650375560095,0.48519064801077344,4,8.0,0.9805305897705276,1,1,1,1.0,1,1.0,0,cju6ywm40wdbo0987pbftsvtg,kvasir-seg,segformer_b2,polypseg/runs_repeat2/segformer_b2_seed42_fold0fixD1/best.pth,False
0.9351036416875174,0.8781170433988102,0.993294492687714,0.8833535369317574,0.6273078499328135,0.4106152001196698,4,96.65395515820046,11.846519956865553,2,1,1,0.5,1,0.5,0,cju6z9a9kwsl007552s49rx6i,kvasir-seg,segformer_b2,polypseg/runs_repeat2/segformer_b2_seed42_fold0fixD1/best.pth,False
0.974411443129433,0.9500997613533311,0.9692102007403736,0.979668811389944,0.6807930522170088,0.5822226211057686,3,9.055385138137417,1.455225442176698,1,1,1,1.0,1,1.0,0,cju76l27oyrw907551ri2a7fl,kvasir-seg,segformer_b2,polypseg/runs_repeat2/segformer_b2_seed42_fold0fixD1/best.pth,False
0.9644414715693259,0.9313249276512436,0.9924012994824492,0.9380139481579159,0.8477590204485875,0.5741898781316179,4,6.239927843823264,0.7635923399663453,1,1,1,1.0,1,1.0,0,cju774fmayxif0818u2g79usw,kvasir-seg,segformer_b2,polypseg/runs_repeat2/segformer_b2_seed42_fold0fixD1/best.pth,False
0.9318812373144566,0.8724509575802709,0.9918025561834128,0.8787878787810154,0.6422665707732688,0.2899449937823801,4,9.219544457292887,1.1834126979318609,1,1,1,1.0,1,1.0,0,cju77b3wyz4160755qis4ljsb,kvasir-seg,segformer_b2,polypseg/runs_repeat2/segformer_b2_seed42_fold0fixD1/best.pth,False
0.9746861907182911,0.9506223186451713,0.9891034997776755,0.9606831407313419,0.743153962580428,0.594453649809664,4,17.01616250125952,2.1190737859600897,1,1,1,1.0,1,1.0,0,cju77idwfz36d0871tzfzz51i,kvasir-seg,segformer_b2,polypseg/runs_repeat2/segformer_b2_seed42_fold0fixD1/best.pth,False
0.8388899494943701,0.7224896116686422,0.9692400240586756,0.7394443764510481,0.5594157508513159,0.4089736915402585,4,66.36183918659472,8.241017497257523,1,1,1,1.0,1,1.0,0,cju77q10sz9ug0801449wu1nu,kvasir-seg,segformer_b2,polypseg/runs_repeat2/segformer_b2_seed42_fold0fixD1/best.pth,False
0.9443675866896234,0.8945988914153972,0.9100048078984658,0.9814273592864079,0.703894706646898,0.5919832239272148,3,19.563464007248367,2.832166273117625,1,1,1,1.0,1,1.0,0,cju77re6fz5bb0817vp9redjg,kvasir-seg,segformer_b2,polypseg/runs_repeat2/segformer_b2_seed42_fold0fixD1/best.pth,False
0.9599505180095873,0.9229854296667361,0.9797979797876704,0.9408911791356886,0.8776029462641826,0.6565122996708651,4,5.385164807134504,0.732841001479523,1,1,1,1.0,1,1.0,0,cju7ae7bq1f820987toc8si1d,kvasir-seg,segformer_b2,polypseg/runs_repeat2/segformer_b2_seed42_fold0fixD1/best.pth,False
0.957430722195334,0.9183377475033526,0.9715143428887824,0.943749594965046,0.7889135474878098,0.47685528241748953,4,6.0,0.738843982646124,1,1,1,1.0,1,1.0,0,cju7afqon1ip40850ue2308b6,kvasir-seg,segformer_b2,polypseg/runs_repeat2/segformer_b2_seed42_fold0fixD1/best.pth,False
0.9619848351963636,0.9267541244239378,0.9616872067191167,0.9622826479492168,0.7244857888838554,0.5015673481196186,4,6.0,0.7336493007994207,1,1,1,1.0,1,1.0,0,cju7aifyo1p3n07552nxjx51f,kvasir-seg,segformer_b2,polypseg/runs_repeat2/segformer_b2_seed42_fold0fixD1/best.pth,False
0.9767225883748102,0.9545042011858345,0.9711366615007413,0.9823731469176137,0.9073092824821256,0.5480515556324491,4,4.47213595499958,0.5512901988205987,1,1,1,1.0,1,1.0,0,cju7aklv31h4309871m29l4e7,kvasir-seg,segformer_b2,polypseg/runs_repeat2/segformer_b2_seed42_fold0fixD1/best.pth,False
0.9766888991591788,0.9544398554424607,0.9662035625583981,0.987404308345258,0.9271977521981822,0.6957429170954122,4,4.47213595499958,0.5560169493230033,1,1,1,1.0,1,1.0,0,cju7azuu31mia0801pf9ib5ed,kvasir-seg,segformer_b2,polypseg/runs_repeat2/segformer_b2_seed42_fold0fixD1/best.pth,False
0.9752729728697324,0.9517392896340104,0.9699231285880665,0.9806821611795175,0.875001465843602,0.6728519488438643,4,6.0,0.7709293439208218,1,1,1,1.0,1,1.0,0,cju7b2l561oas0871decgslaf,kvasir-seg,segformer_b2,polypseg/runs_repeat2/segformer_b2_seed42_fold0fixD1/best.pth,False
0.9818039488553694,0.9642582563069754,0.9968912832270654,0.9671664810196775,0.8699118113031533,0.5699634498746726,4,5.830951894845301,0.7364544077257336,1,1,1,1.0,1,1.0,0,cju7bgnvb1sf808717qa799ir,kvasir-seg,segformer_b2,polypseg/runs_repeat2/segformer_b2_seed42_fold0fixD1/best.pth,False
0.9644571423097524,0.9313541541495926,0.938239648412985,0.9921819614011499,0.6898648599839032,0.5585367671373318,4,29.068883707497267,3.734768781876229,1,1,1,1.0,1,1.0,0,cju7cl8zm1xcu0817ado0jpas,kvasir-seg,segformer_b2,polypseg/runs_repeat2/segformer_b2_seed42_fold0fixD1/best.pth,False
0.9143994945512925,0.842298331625543,0.9867768595000546,0.8519139524067928,0.42539924880063373,0.2869956383332591,4,29.476202419124203,3.643335130048886,1,1,1,1.0,1,1.0,0,cju7cue9b232j0801qdzk1ykj,kvasir-seg,segformer_b2,polypseg/runs_repeat2/segformer_b2_seed42_fold0fixD1/best.pth,False
0.9891430879237705,0.9785193889530217,0.9907789689090738,0.9875126000581234,0.8686413351762285,0.697292706659751,4,6.0,0.7694824984686918,1,1,1,1.0,1,1.0,0,cju7d1tvt25bu08019dvw3uff,kvasir-seg,segformer_b2,polypseg/runs_repeat2/segformer_b2_seed42_fold0fixD1/best.pth,False
0.6277090062070745,0.45741683727889704,0.9887844457454867,0.4598024643578686,0.5027088787531667,0.3773118887319573,4,273.0710527572287,35.284797639351076,1,1,1,1.0,0,0.0,0,cju7d5m0p23kn09871rk7pu3v,kvasir-seg,segformer_b2,polypseg/runs_repeat2/segformer_b2_seed42_fold0fixD1/best.pth,False
0.9730139125154703,0.9474460505095477,0.987558835353278,0.9588912109846384,0.7848194614200915,0.45805590093535004,4,6.708203932499369,0.8983743352751078,1,1,1,1.0,1,1.0,0,cju7d7tly27h408016fyp5nr7,kvasir-seg,segformer_b2,polypseg/runs_repeat2/segformer_b2_seed42_fold0fixD1/best.pth,False
0.9699406938007911,0.941635775691161,0.9958295103834809,0.9453638451174426,0.670302829614899,0.4835519869123313,4,21.048725515463754,2.5339834673491115,1,1,1,1.0,1,1.0,0,cju7dbppn28nx085097654msi,kvasir-seg,segformer_b2,polypseg/runs_repeat2/segformer_b2_seed42_fold0fixD1/best.pth,False
0.9515856273636643,0.907642676598198,0.9398212717582867,0.9636482406720156,0.3957900305581131,0.23745911124290855,4,27.573487440783055,3.379580987792656,1,1,1,1.0,1,1.0,0,cju7ddtz729960801uazp1knc,kvasir-seg,segformer_b2,polypseg/runs_repeat2/segformer_b2_seed42_fold0fixD1/best.pth,False
0.9841298386005678,0.9687555319518983,0.9846917237029248,0.9835685943779406,0.7163627546206812,0.4133508925721193,4,11.031752712031075,1.4375806616404292,1,1,1,1.0,1,1.0,0,cju7dhpsc2dnn0818025m6857,kvasir-seg,segformer_b2,polypseg/runs_repeat2/segformer_b2_seed42_fold0fixD1/best.pth,False
0.9066230704872127,0.8291953543333014,0.8585727658930705,0.9603705195289554,0.5771065855690835,0.3704498843606906,4,33.03777832125844,4.046107942762936,1,1,1,1.0,1,1.0,0,cju7dizi82h2i0755doucgnt3,kvasir-seg,segformer_b2,polypseg/runs_repeat2/segformer_b2_seed42_fold0fixD1/best.pth,False
0.8962004405268719,0.8119231728581694,0.9981163483397664,0.8131691648793249,0.5460271630409342,0.31046701079786043,4,19.86432606861471,2.464805112408976,3,3,3,1.0,2,0.6666666666666666,0,cju7dmlgf2ebw0871ieqas5fh,kvasir-seg,segformer_b2,polypseg/runs_repeat2/segformer_b2_seed42_fold0fixD1/best.pth,False
0.9687973699215134,0.9394830285176606,0.9872808249368563,0.9509932750987439,0.7756891266690262,0.6329669183022805,4,7.211102550927978,0.9143697310681319,1,1,1,1.0,1,1.0,0,cju7dsrtb2f8i085064kwugfk,kvasir-seg,segformer_b2,polypseg/runs_repeat2/segformer_b2_seed42_fold0fixD1/best.pth,False
0.9577789104852457,0.9189786314256758,0.9837159070100796,0.9331745061533262,0.44074108050228705,0.23841400158602702,4,126.95178546127983,15.535341649702218,1,1,1,1.0,1,1.0,0,cju7ebe962hr409872ovibahw,kvasir-seg,segformer_b2,polypseg/runs_repeat2/segformer_b2_seed42_fold0fixD1/best.pth,False
0.968073432396077,0.9381224040426545,0.9713967406784885,0.9647727857538944,0.6120852992392218,0.4250144260053691,4,20.233198300247285,2.4779421774087904,1,1,1,1.0,1,1.0,0,cju7emdni2py40871ivhxjtut,kvasir-seg,segformer_b2,polypseg/runs_repeat2/segformer_b2_seed42_fold0fixD1/best.pth,False
0.9176904176885993,0.8479001135042733,0.8549435132509232,0.9903772132367189,0.46925176683782255,0.29954775527815564,4,25.131372410536347,3.080259926430746,1,1,1,1.0,1,1.0,0,cju7epwj82koz098713apjnzo,kvasir-seg,segformer_b2,polypseg/runs_repeat2/segformer_b2_seed42_fold0fixD1/best.pth,False
0.8731212110310538,0.7748137772918137,0.8677980604615816,0.8785100700145924,0.47418534250990535,0.25426768952973255,4,19.146732989645095,2.3050091471744643,2,2,2,1.0,2,1.0,0,cju7et17a2vjk0755e743npl1,kvasir-seg,segformer_b2,polypseg/runs_repeat2/segformer_b2_seed42_fold0fixD1/best.pth,False
0.9478341267347634,0.9008409708188923,0.9160623292210087,0.9818889909112783,0.5820880857374949,0.3635012207178945,4,27.183543218640608,3.3265040709477103,1,1,1,1.0,1,1.0,0,cju7ev2b12owa08500bpfpwyw,kvasir-seg,segformer_b2,polypseg/runs_repeat2/segformer_b2_seed42_fold0fixD1/best.pth,False
0.8373450529632425,0.720200825788745,0.9856214352023005,0.7278479772742406,0.5163874227592695,0.422106965675495,4,105.43318795136851,14.362488493784207,1,1,1,1.0,1,1.0,0,cju7evxt12m730987rxivne3x,kvasir-seg,segformer_b2,polypseg/runs_repeat2/segformer_b2_seed42_fold0fixD1/best.pth,False
0.9751140870889932,0.9514367158383067,0.9951035863488094,0.9559118655385987,0.7520309602574458,0.6800890658989966,4,9.848857801796104,1.184732040175309,1,1,1,1.0,1,1.0,0,cju7f4sc62xqj075597xpmuoy,kvasir-seg,segformer_b2,polypseg/runs_repeat2/segformer_b2_seed42_fold0fixD1/best.pth,False
0.984092560292219,0.9686832892721868,0.9829584833862925,0.9852292570765847,0.869201209387671,0.21599592753132021,8,10.770329614269007,0.6800204009180458,1,1,1,1.0,1,1.0,0,cju7f5ghb2r5s0801chwkxxh9,kvasir-seg,segformer_b2,polypseg/runs_repeat2/segformer_b2_seed42_fold0fixD1/best.pth,False
0.9288652074347753,0.867178635109282,0.8788606867075759,0.9849032287736522,0.5951327526542215,0.4606156514910929,4,35.62581742265367,4.288869285386439,1,1,1,1.0,1,1.0,0,cju7f6cqy2ur20818t1saazbm,kvasir-seg,segformer_b2,polypseg/runs_repeat2/segformer_b2_seed42_fold0fixD1/best.pth,False
0.9691146190787552,0.940079893472455,0.967585657367434,0.9706484205110287,0.6976731200507943,0.5299694744346153,4,8.246211251235321,1.010987287435148,1,1,1,1.0,1,1.0,0,cju7fcgbe2z3p07550vaflqdb,kvasir-seg,segformer_b2,polypseg/runs_repeat2/segformer_b2_seed42_fold0fixD1/best.pth,False
0.9647048527537175,0.9318162606283592,0.9876711346839157,0.9427823677307217,0.6473935646618072,0.4104338660584153,4,13.601470508735444,1.6677663526869637,1,1,1,1.0,1,1.0,0,cju7frtqu2xa20818wq8r9fzf,kvasir-seg,segformer_b2,polypseg/runs_repeat2/segformer_b2_seed42_fold0fixD1/best.pth,False
0.9314456743744052,0.8716877111784483,0.8875509280136935,0.9799080367754907,0.7344925097743781,0.5905380316235658,4,10.44030650891055,1.2786152470610046,1,1,1,1.0,1,1.0,0,cju83ipu3jwpx0801z5pvguf8,kvasir-seg,segformer_b2,polypseg/runs_repeat2/segformer_b2_seed42_fold0fixD1/best.pth,False
0.9663038334106857,0.934804505079099,0.9421083392262385,0.9917748777533377,0.7558581337214253,0.5738841155231513,4,11.279976351070527,1.3838378550071364,1,1,1,1.0,1,1.0,0,cju83nwu1jxte0987h1krpfmv,kvasir-seg,segformer_b2,polypseg/runs_repeat2/segformer_b2_seed42_fold0fixD1/best.pth,False
0.9690581677844629,0.9399736604944202,0.9638579906856538,0.9743147609261977,0.7936315736877444,0.4646234166486254,4,8.0,1.0268019817008582,1,1,1,1.0,1,1.0,0,cju83rcnzkbsj0755x5anfrcg,kvasir-seg,segformer_b2,polypseg/runs_repeat2/segformer_b2_seed42_fold0fixD1/best.pth,False
0.9889206680783514,0.9780841491426963,0.9922720550055415,0.985591843484239,0.9214998390017571,0.7084979633194044,4,4.47213595499958,0.5383850231398101,1,1,1,1.0,1,1.0,0,cju8432cmkgq90871cxe4iptl,kvasir-seg,segformer_b2,polypseg/runs_repeat2/segformer_b2_seed42_fold0fixD1/best.pth,False
0.9861613691907428,0.9727005257272333,0.9968858131438612,0.9756652152831365,0.9992277492278314,0.9306034196980082,4,2.23606797749979,0.27384929810786174,1,1,1,1.0,1,1.0,0,cju84hibuktj80871u519o71q,kvasir-seg,segformer_b2,polypseg/runs_repeat2/segformer_b2_seed42_fold0fixD1/best.pth,False
0.9727010289508371,0.9468529185398035,0.9756109282241017,0.9698084364377543,0.7454314456289123,0.5080361755256438,4,7.11307823358422,0.8703202859517135,1,1,1,1.0,1,1.0,0,cju857ad0l88m0817qx4cwxnf,kvasir-seg,segformer_b2,polypseg/runs_repeat2/segformer_b2_seed42_fold0fixD1/best.pth,False
0.976615597280716,0.9542998649243664,0.9609793420032291,0.992769109164506,0.5624333626921316,0.386305519767496,4,12.0,1.5417594233574152,1,1,1,1.0,1,1.0,0,cju858eswlepn0871pzvdrhj1,kvasir-seg,segformer_b2,polypseg/runs_repeat2/segformer_b2_seed42_fold0fixD1/best.pth,False
0.9809717192418392,0.9626540673748453,0.9891088690911853,0.9729673615107841,0.9247284080820666,0.7863693724241605,4,4.524922359499634,0.554603098728253,1,1,1,1.0,1,1.0,0,cju85ia1slh220987y7c20sm2,kvasir-seg,segformer_b2,polypseg/runs_repeat2/segformer_b2_seed42_fold0fixD1/best.pth,False
0.9292866856216296,0.8679136358373861,0.9977057262021279,0.8696492909779697,0.3656917084721776,0.19087152689011513,4,21.77822306332428,2.648131724142136,1,1,1,1.0,1,1.0,0,cju85mpuglq8k0818d2it6hzb,kvasir-seg,segformer_b2,polypseg/runs_repeat2/segformer_b2_seed42_fold0fixD1/best.pth,False
0.9550027476006282,0.913880630219734,0.9785810196203722,0.9325339497245506,0.43235358867985774,0.3391899409742414,4,36.71646064379254,4.603547728592285,1,1,1,1.0,1,1.0,0,cju85plp7lmkw0850rx42jdpf,kvasir-seg,segformer_b2,polypseg/runs_repeat2/segformer_b2_seed42_fold0fixD1/best.pth,False
0.9837797122285632,0.9680772211170715,0.9755629684321971,0.992136043850842,0.7543299577216379,0.5923365436863554,4,19.178052850971827,2.46615179362169,1,1,1,1.0,1,1.0,0,cju85qefyln6v0850szeb9byi,kvasir-seg,segformer_b2,polypseg/runs_repeat2/segformer_b2_seed42_fold0fixD1/best.pth,False
0.3137147756283494,0.18603897555067936,0.19125130667502413,0.8722233864162184,0.17545210176244508,0.0541846345724779,4,225.65788145350766,28.426137604009693,2,1,0,0.0,0,0.0,1,cju87kbcen2av0987usezo8kn,kvasir-seg,segformer_b2,polypseg/runs_repeat2/segformer_b2_seed42_fold0fixD1/best.pth,False
0.9782960840058348,0.957514274626135,0.9788172091746998,0.9777755134377445,0.7736514923525123,0.6402016966441673,4,10.791175509724331,1.2991124006446337,1,1,1,1.0,1,1.0,0,cju87q6yoneim0871dl4phvkd,kvasir-seg,segformer_b2,polypseg/runs_repeat2/segformer_b2_seed42_fold0fixD1/best.pth,False
0.901627630874481,0.8208761037864796,0.978004102128287,0.836316168799002,0.277026886449706,0.1719537074245338,4,134.30785412856912,17.484859836904878,1,1,1,1.0,1,1.0,0,cju87vqa0ndwg0850onjdz7ol,kvasir-seg,segformer_b2,polypseg/runs_repeat2/segformer_b2_seed42_fold0fixD1/best.pth,False
0.9326418775172952,0.8737853377158401,0.9665738727552342,0.9010114785754043,0.5144345061254747,0.309528770309143,4,16.10583817210752,2.0042992187395026,1,1,1,1.0,1,1.0,0,cju87xn2snfmv0987sc3d9xnq,kvasir-seg,segformer_b2,polypseg/runs_repeat2/segformer_b2_seed42_fold0fixD1/best.pth,False
0.8356927055154981,0.7177595721286809,0.7257863076474067,0.9848256347253769,0.32233934981574297,0.17267848869856828,4,113.56957192820096,14.591413143914302,1,1,1,1.0,1,1.0,0,cju88itqbny720987hxizbj5y,kvasir-seg,segformer_b2,polypseg/runs_repeat2/segformer_b2_seed42_fold0fixD1/best.pth,False
0.9358329139347267,0.8794041144374626,0.9997311827822617,0.8796121097341578,0.6770870400111723,0.5221496831289683,4,7.211102550927978,0.8832593377487612,1,1,1,1.0,1,1.0,0,cju88nroho44508500129f1nh,kvasir-seg,segformer_b2,polypseg/runs_repeat2/segformer_b2_seed42_fold0fixD1/best.pth,False
0.9726775956235832,0.9468085106291411,0.9691150267177874,0.9762664539192634,0.998894977624373,0.7886045523386194,4,3.0649110640673483,0.3913708504161743,1,1,1,1.0,1,1.0,0,cju88vx2uoocy075531lc63n3,kvasir-seg,segformer_b2,polypseg/runs_repeat2/segformer_b2_seed42_fold0fixD1/best.pth,False
0.9380976927038452,0.8834124252846344,0.9778656380061609,0.9014379181599812,0.5935124125792695,0.40268738038913304,4,68.73716800925078,8.973512981126792,1,1,1,1.0,1,1.0,0,cju8a84g0q76m0818hwiggkod,kvasir-seg,segformer_b2,polypseg/runs_repeat2/segformer_b2_seed42_fold0fixD1/best.pth,False
0.9844590555874253,0.96939376103331,0.9863080817677374,0.9826169491498776,0.8824687615696145,0.681341568788753,4,6.4031242374328485,0.7702402241939523,1,1,1,1.0,1,1.0,0,cju8abobpqbir08189u01huru,kvasir-seg,segformer_b2,polypseg/runs_repeat2/segformer_b2_seed42_fold0fixD1/best.pth,False
0.9686628696685922,0.939230093807758,0.978102892338524,0.9594033232583109,0.8797327169618092,0.5389646310239008,4,5.656854249492381,0.7038044483564085,1,1,1,1.0,1,1.0,0,cju8aeei7q8k308173n9y4klv,kvasir-seg,segformer_b2,polypseg/runs_repeat2/segformer_b2_seed42_fold0fixD1/best.pth,False
0.9631263788206302,0.9288753799379549,0.9391774684810905,0.9883286379563785,0.6174105150487704,0.40968293340698203,4,15.601254302100532,1.9076415517216683,1,1,1,1.0,1,1.0,0,cju8aj01yqeqm0850lhdz3xdw,kvasir-seg,segformer_b2,polypseg/runs_repeat2/segformer_b2_seed42_fold0fixD1/best.pth,False
0.7632748179620175,0.6171741540058457,0.6553037121129622,0.9138443714985252,0.2565960815766011,0.13087486119875436,4,137.61068199505544,17.400000163162286,1,1,1,1.0,1,1.0,0,cju8b2rmgr52s0801p54eyflx,kvasir-seg,segformer_b2,polypseg/runs_repeat2/segformer_b2_seed42_fold0fixD1/best.pth,False
0.97788742307919,0.9567316215060658,0.9898559516909241,0.9662048640744675,0.8179711981895184,0.5614672574836208,4,11.775811026421092,1.4408286937487962,1,1,1,1.0,1,1.0,0,cju8b4ja9r2s808509d45ma86,kvasir-seg,segformer_b2,polypseg/runs_repeat2/segformer_b2_seed42_fold0fixD1/best.pth,False
0.8828750435008451,0.7903100171243136,0.9999999999802879,0.7903100171243136,0.37008963618883106,0.14388484227774614,4,7.810249675906654,0.954997368966303,1,1,1,1.0,1,1.0,0,cju8b542nr81x0871uxnkm9ih,kvasir-seg,segformer_b2,polypseg/runs_repeat2/segformer_b2_seed42_fold0fixD1/best.pth,False
0.9563582819005627,0.916366474542791,0.9386261607517592,0.9747732788340627,0.44316570120703486,0.2935091732062403,4,183.69812192834198,22.114783320611135,1,2,1,1.0,1,1.0,1,cju8b6rp0r5st0850184f79xt,kvasir-seg,segformer_b2,polypseg/runs_repeat2/segformer_b2_seed42_fold0fixD1/best.pth,False
0.9627601790250607,0.9281943862511253,0.9655713414018515,0.9599653379466206,0.951138187961626,0.5808270176720038,4,4.123105625617661,0.5045526088431102,1,1,1,1.0,1,1.0,0,cju8b7aqtr4a00987coba14b7,kvasir-seg,segformer_b2,polypseg/runs_repeat2/segformer_b2_seed42_fold0fixD1/best.pth,False
0.9650258273944292,0.9324153712598982,0.9707736860461895,0.9593456331548046,0.610027805154285,0.4243214298020493,4,10.753828459001099,1.433383911336689,1,1,1,1.0,1,1.0,0,cju8bafgqrf4x0818twisk3ea,kvasir-seg,segformer_b2,polypseg/runs_repeat2/segformer_b2_seed42_fold0fixD1/best.pth,False
0.9698923040622398,0.941544566540974,0.9705789804870572,0.9692065985822105,0.7471581482946472,0.5802551548473941,3,7.0710678118654755,1.0305336155216895,1,1,1,1.0,1,1.0,0,cju8bff9nrfi10850fmfzbf8v,kvasir-seg,segformer_b2,polypseg/runs_repeat2/segformer_b2_seed42_fold0fixD1/best.pth,False
0.9315570938017014,0.8718828946287264,0.8773435017467969,0.9929119974003006,0.7414525401386277,0.6022065956693939,4,121.79818388520759,15.8607251518685,1,1,1,1.0,1,1.0,0,cju8bk8oirjhw0817hgkua2w8,kvasir-seg,segformer_b2,polypseg/runs_repeat2/segformer_b2_seed42_fold0fixD1/best.pth,False
0.944283473284222,0.8944479407003201,0.9250433902193916,0.9643409099439695,0.5025180917389177,0.3888004092619864,4,11.466791635666185,1.3804474958338115,1,1,1,1.0,1,1.0,0,cju8bpctzrqkr0850zeldv9kt,kvasir-seg,segformer_b2,polypseg/runs_repeat2/segformer_b2_seed42_fold0fixD1/best.pth,False
0.9715006243408032,0.9445806651249921,0.9714768387009806,0.9715244111430108,0.7630420646210203,0.4244319716188766,4,7.106076496631101,0.8891046130513443,1,1,1,1.0,1,1.0,0,cju8bqxxurs6i0850mu7mtef9,kvasir-seg,segformer_b2,polypseg/runs_repeat2/segformer_b2_seed42_fold0fixD1/best.pth,False
0.9655560920639149,0.9334059436730459,0.9636505495996428,0.9674691855754695,0.6507585832116857,0.4175926509869138,4,80.96908981806936,10.38404958865732,1,2,1,1.0,1,1.0,1,cju8cbsyssiqj0871gr4jedjp,kvasir-seg,segformer_b2,polypseg/runs_repeat2/segformer_b2_seed42_fold0fixD1/best.pth,False
0.9562458038002628,0.9161599611114489,0.9902661080280873,0.9244853774458633,0.4637245054769406,0.286223463160969,4,61.0,7.470616883149357,1,1,1,1.0,1,1.0,0,cju8doa16u5gh0818w1ywda3q,kvasir-seg,segformer_b2,polypseg/runs_repeat2/segformer_b2_seed42_fold0fixD1/best.pth,False
0.8406452964557274,0.725097585653281,0.733742959544044,0.9840102020700018,0.6115128916788665,0.4473142680742288,5,46.23633401066367,5.014515429432949,1,1,1,1.0,1,1.0,0,cjyzkpsbjdsjq07211dfi4sru,kvasir-seg,segformer_b2,polypseg/runs_repeat2/segformer_b2_seed42_fold0fixD1/best.pth,False
0.9662274407471483,0.9346615288816325,0.9441620914127855,0.9893488173251116,0.7188746928234929,0.38698375952753844,5,10.295630140987,1.1166022848136525,1,1,1,1.0,1,1.0,0,cjyzl833ndne80838pzuq6ila,kvasir-seg,segformer_b2,polypseg/runs_repeat2/segformer_b2_seed42_fold0fixD1/best.pth,False
0.8960688414145526,0.8117071743520267,0.8146353740623448,0.9955912131827965,0.379219866635948,0.13179132426321513,5,51.91901966411751,5.630825426745656,1,1,1,1.0,1,1.0,0,cjyzlw7f9faqr070129au64sq,kvasir-seg,segformer_b2,polypseg/runs_repeat2/segformer_b2_seed42_fold0fixD1/best.pth,False
0.9172031473451608,0.8470685383840286,0.8546908848382821,0.9895813235386922,0.8609919892013789,0.4289373942705665,5,9.0,0.976086011803788,1,1,1,1.0,1,1.0,0,cjyzuio1qgh040763k56deohv,kvasir-seg,segformer_b2,polypseg/runs_repeat2/segformer_b2_seed42_fold0fixD1/best.pth,False
0.9693482895670948,0.9405197505177951,0.9430882444892679,0.9971126294886552,0.8260009801433097,0.5687789148280596,5,11.19141060567356,1.2137532605056134,1,1,1,1.0,1,1.0,0,cjz14qsk2wci60794un9ozwmw,kvasir-seg,segformer_b2,polypseg/runs_repeat2/segformer_b2_seed42_fold0fixD1/best.pth,False
0.970464406231816,0.9426234625651331,0.967262476770022,0.9736876047918632,0.9646995171965521,0.682904245633807,5,5.0,0.54227000655766,1,1,1,1.0,1,1.0,0,ck2da7fwcjfis07218r1rvm95,kvasir-seg,segformer_b2,polypseg/runs_repeat2/segformer_b2_seed42_fold0fixD1/best.pth,False
